Position,Const,Created,Modified,Description,Title,Original Title,URL,Title Type,IMDb Rating,Runtime (mins),Year,Genres,Num Votes,Release Date,Directors,Your Rating,Date Rated
1,tt1155056,2011-07-04,2011-07-04,,"I Love You, Man","I Love You, Man",https://www.imdb.com/title/tt1155056/,Movie,7.0,105,2009,"Comedy, Romance",223308,2009-03-20,"John Hamburg",,
2,tt1080016,2011-07-04,2011-07-04,,"Ice Age: Dawn of the Dinosaurs","Ice Age: Dawn of the Dinosaurs",https://www.imdb.com/title/tt1080016/,Movie,6.9,94,2009,"Animation, Adventure, Comedy, Family",280226,2009-07-01,"Carlos Saldanha, Michael Thurmeier",,
3,tt1131734,2011-07-04,2011-07-04,,"Jennifer's Body","Jennifer's Body",https://www.imdb.com/title/tt1131734/,Movie,5.6,102,2009,"Comedy, Horror",165822,2009-09-18,"Karyn Kusama",,
4,tt1188729,2011-07-04,2011-07-04,,"Pandorum","Pandorum",https://www.imdb.com/title/tt1188729/,Movie,6.7,108,2009,"Action, Horror, Mystery, Sci-Fi, Thriller",165720,2009-09-25,"Christian Alvart",10,2016-01-19
5,tt1233227,2011-07-04,2011-07-04,,"Saw VI","Saw VI",https://www.imdb.com/title/tt1233227/,Movie,6.1,90,2009,"Horror, Mystery, Thriller",133177,2009-10-23,"Kevin Greutert",,
6,tt1022603,2011-07-04,2011-07-04,,"500 Days of Summer","(500) Days of Summer",https://www.imdb.com/title/tt1022603/,Movie,7.6,95,2009,"Comedy, Drama, Romance",603449,2009-08-07,"Marc Webb",10,2015-05-06
7,tt0775552,2011-07-04,2011-07-04,,"Aliens in the Attic","Aliens in the Attic",https://www.imdb.com/title/tt0775552/,Movie,5.4,86,2009,"Adventure, Comedy, Family, Fantasy, Sci-Fi",25595,2009-07-31,"John Schultz",,
8,tt0889583,2011-07-04,2011-07-04,,"Brüno","Brüno",https://www.imdb.com/title/tt0889583/,Movie,5.9,81,2009,"Comedy",157232,2009-07-10,"Larry Charles",,
9,tt1407050,2011-07-04,2011-07-04,,"American Pie Presents: The Book of Love","American Pie Presents: The Book of Love",https://www.imdb.com/title/tt1407050/,Video,4.7,93,2009,"Comedy",51441,2009-12-22,"John Putch",,
10,tt0844471,2011-07-04,2011-07-04,,"Cloudy with a Chance of Meatballs","Cloudy with a Chance of Meatballs",https://www.imdb.com/title/tt0844471/,Movie,6.9,90,2009,"Animation, Adventure, Comedy, Family, Fantasy, Sci-Fi",278150,2009-09-18,"Phil Lord, Christopher Miller",,
11,tt1136608,2011-07-04,2011-07-04,,"District 9","District 9",https://www.imdb.com/title/tt1136608/,Movie,7.9,112,2009,"Action, Sci-Fi, Thriller",743068,2009-08-14,"Neill Blomkamp",,
12,tt1059786,2011-07-04,2011-07-04,,"Eagle Eye","Eagle Eye",https://www.imdb.com/title/tt1059786/,Movie,6.6,118,2008,"Action, Mystery, Thriller",199850,2008-09-26,"D.J. Caruso",,
13,tt1225822,2011-07-04,2011-07-04,,"Extract","Extract",https://www.imdb.com/title/tt1225822/,Movie,6.1,92,2009,"Comedy, Crime, Romance",52117,2009-09-04,"Mike Judge",,
14,tt0865556,2011-07-04,2011-07-04,,"The Forbidden Kingdom","The Forbidden Kingdom",https://www.imdb.com/title/tt0865556/,Movie,6.5,104,2008,"Action, Adventure, Fantasy",112518,2008-04-18,"Rob Minkoff",,
15,tt1414361,2011-07-04,2011-07-04,,"Frat Party","Frat Party",https://www.imdb.com/title/tt1414361/,Movie,2.8,90,2009,"Comedy",1981,2010-08-06,"Robert Bennett",,
16,tt0436339,2011-07-04,2011-07-04,,"G-Force","G-Force",https://www.imdb.com/title/tt0436339/,Movie,5.1,88,2009,"Animation, Action, Adventure, Comedy, Family, Fantasy, Sci-Fi",52560,2009-07-24,"Hoyt Yeatman",,
17,tt0373883,2011-07-04,2011-07-04,,"Halloween","Halloween",https://www.imdb.com/title/tt0373883/,Movie,6.1,109,2007,"Horror",136863,2007-08-31,"Rob Zombie",,
18,tt0796366,2011-07-04,2011-07-04,,"Star Trek","Star Trek",https://www.imdb.com/title/tt0796366/,Movie,7.9,127,2009,"Action, Adventure, Sci-Fi",633236,2009-05-08,"J.J. Abrams",,
19,tt0438488,2011-07-04,2011-07-04,,"Terminator Salvation","Terminator Salvation",https://www.imdb.com/title/tt0438488/,Movie,6.5,115,2009,"Action, Adventure, Sci-Fi",388736,2009-05-21,"McG",,
20,tt1119646,2011-07-04,2011-07-04,,"The Hangover","The Hangover",https://www.imdb.com/title/tt1119646/,Movie,7.7,100,2009,"Comedy",906123,2009-06-05,"Todd Phillips",,
21,tt1068680,2011-07-04,2011-07-04,,"Yes Man","Yes Man",https://www.imdb.com/title/tt1068680/,Movie,6.8,104,2008,"Comedy, Romance",399343,2008-12-19,"Peyton Reed",,
22,tt0805570,2011-07-04,2011-07-04,,"The Midnight Meat Train","The Midnight Meat Train",https://www.imdb.com/title/tt0805570/,Movie,6.0,100,2008,"Horror, Mystery, Thriller",74508,2008-10-31,"Ryûhei Kitamura",,
23,tt1142988,2011-07-04,2011-07-04,,"The Ugly Truth","The Ugly Truth",https://www.imdb.com/title/tt1142988/,Movie,6.4,96,2009,"Comedy, Romance",238757,2009-07-24,"Robert Luketic",,
24,tt1265998,2011-07-04,2011-07-04,,"Afro Samurai: Resurrection","Afro Samurai: Resurrection",https://www.imdb.com/title/tt1265998/,TV Movie,7.1,97,2009,"Animation, Action, Adventure, Drama, Fantasy, Sci-Fi",9913,2009-01-25,"Fuminori Kizaki",,
25,tt0952640,2011-07-04,2011-07-04,,"Alvin and the Chipmunks","Alvin and the Chipmunks",https://www.imdb.com/title/tt0952640/,Movie,5.3,92,2007,"Animation, Adventure, Comedy, Family, Fantasy, Music, Musical",102145,2007-12-14,"Tim Hill",,
26,tt0378194,2011-07-04,2011-07-04,,"Kill Bill: Vol. 2","Kill Bill: Vol. 2",https://www.imdb.com/title/tt0378194/,Movie,8.0,137,2004,"Action, Crime, Thriller",849886,2004-04-16,"Quentin Tarantino",,
27,tt1075417,2011-07-04,2011-07-04,,"Race to Witch Mountain","Race to Witch Mountain",https://www.imdb.com/title/tt1075417/,Movie,5.7,98,2009,"Action, Adventure, Family, Fantasy, Sci-Fi, Thriller",65458,2009-03-13,"Andy Fickman",,
28,tt0780521,2011-07-04,2011-07-04,,"The Princess and the Frog","The Princess and the Frog",https://www.imdb.com/title/tt0780521/,Movie,7.2,97,2009,"Animation, Adventure, Comedy, Family, Fantasy, Musical, Romance",181791,2009-12-11,"Ron Clements, John Musker",,
29,tt1095217,2011-07-04,2011-07-04,,"Bad Lieutenant: Port of Call New Orleans","The Bad Lieutenant: Port of Call - New Orleans",https://www.imdb.com/title/tt1095217/,Movie,6.6,122,2009,"Crime, Drama, Mystery",83739,2009-12-11,"Werner Herzog",,
30,tt1477715,2011-07-04,2011-07-04,,"This Is It","This Is It",https://www.imdb.com/title/tt1477715/,Movie,7.2,111,2009,"Documentary, Music",42812,2009-10-28,"Kenny Ortega",,
31,tt1156398,2011-07-04,2011-07-04,,"Zombieland","Zombieland",https://www.imdb.com/title/tt1156398/,Movie,7.5,88,2009,"Action, Comedy, Horror",655160,2009-10-02,"Ruben Fleischer",,
32,tt0458525,2011-07-04,2011-07-04,,"X-Men Origins: Wolverine","X-Men Origins: Wolverine",https://www.imdb.com/title/tt0458525/,Movie,6.5,107,2009,"Action, Sci-Fi",560947,2009-05-01,"Gavin Hood",,
33,tt0343660,2011-07-04,2011-07-04,,"50 First Dates","50 First Dates",https://www.imdb.com/title/tt0343660/,Movie,6.8,99,2004,"Comedy, Drama, Romance",406005,2004-02-13,"Peter Segal",,
34,tt1318044,2011-07-04,2011-07-04,,"American Virgin","American Virgin",https://www.imdb.com/title/tt1318044/,Movie,4.3,88,2009,"Comedy",8407,2010-05-19,"Clare Kilner",,
35,tt0901476,2011-07-04,2011-07-04,,"Bride Wars","Bride Wars",https://www.imdb.com/title/tt0901476/,Movie,5.5,89,2009,"Comedy, Romance",121251,2009-01-09,"Gary Winick",,
36,tt1127180,2011-07-04,2011-07-04,,"Drag Me to Hell","Drag Me to Hell",https://www.imdb.com/title/tt1127180/,Movie,6.6,99,2009,"Horror",227317,2009-05-29,"Sam Raimi",,
37,tt0446059,2011-07-04,2011-07-04,,"Fearless","Huo Yuan Jia",https://www.imdb.com/title/tt0446059/,Movie,7.6,104,2006,"Action, Biography, Drama",80583,2006-09-22,"Ronny Yu",,
38,tt1046173,2011-07-04,2011-07-04,,"G.I. Joe: The Rise of Cobra","G.I. Joe: The Rise of Cobra",https://www.imdb.com/title/tt1046173/,Movie,5.7,118,2009,"Action, Adventure, Sci-Fi, Thriller",219576,2009-08-07,"Stephen Sommers",,
39,tt0462499,2011-07-04,2011-07-04,,"Rambo","Rambo",https://www.imdb.com/title/tt0462499/,Movie,7.0,92,2008,"Action, Thriller",253648,2008-01-25,"Sylvester Stallone",,
40,tt0373051,2011-07-04,2011-07-04,,"Journey to the Center of the Earth","Journey to the Center of the Earth",https://www.imdb.com/title/tt0373051/,Movie,5.8,93,2008,"Action, Adventure, Family, Fantasy, Sci-Fi",138408,2008-07-11,"Eric Brevig",10,2016-01-03
41,tt0902272,2011-07-04,2011-07-04,,"Justice League: The New Frontier","Justice League: The New Frontier",https://www.imdb.com/title/tt0902272/,Video,6.9,75,2008,"Animation, Action, Adventure, Fantasy, Sci-Fi",22284,2008-02-26,"Dave Bullock",,
42,tt0839980,2011-07-04,2011-07-04,,"Semi-Pro","Semi-Pro",https://www.imdb.com/title/tt0839980/,Movie,5.8,91,2008,"Comedy, Sport",88525,2008-02-29,"Kent Alterman",,
43,tt0986263,2011-07-04,2011-07-04,,"Surrogates","Surrogates",https://www.imdb.com/title/tt0986263/,Movie,6.3,89,2009,"Action, Sci-Fi, Thriller",183784,2009-09-25,"Jonathan Mostow",10,2015-03-28
44,tt0949731,2011-07-04,2011-07-04,,"The Happening","The Happening",https://www.imdb.com/title/tt0949731/,Movie,5.0,91,2008,"Adventure, Drama, Sci-Fi, Thriller",224698,2008-06-13,"M. Night Shyamalan",10,2018-05-16
45,tt1083456,2011-07-04,2011-07-04,,"Fired Up!","Fired Up!",https://www.imdb.com/title/tt1083456/,Movie,6.1,90,2009,"Comedy, Sport",47317,2009-02-20,"Will Gluck",,
46,tt0494238,2011-07-04,2011-07-04,,"Inkheart","Inkheart",https://www.imdb.com/title/tt0494238/,Movie,6.1,106,2008,"Adventure, Family, Fantasy",84682,2009-01-23,"Iain Softley",,
47,tt0910936,2011-07-04,2011-07-04,,"Pineapple Express","Pineapple Express",https://www.imdb.com/title/tt0910936/,Movie,6.9,111,2008,"Action, Comedy, Crime",368865,2008-08-06,"David Gordon Green",,
48,tt1135985,2011-07-04,2011-07-04,,"Sex Drive","Sex Drive",https://www.imdb.com/title/tt1135985/,Movie,6.5,109,2008,"Comedy, Romance",95072,2008-10-17,"Sean Anders",,
49,tt0942385,2011-07-04,2011-07-04,,"Tropic Thunder","Tropic Thunder",https://www.imdb.com/title/tt0942385/,Movie,7.1,107,2008,"Action, Comedy, War",478531,2008-08-13,"Ben Stiller",,
50,tt1038686,2011-07-04,2011-07-04,,"Legion","Legion",https://www.imdb.com/title/tt1038686/,Movie,5.3,100,2010,"Action, Fantasy, Horror",117859,2010-01-22,"Scott Stewart",,
51,tt0988045,2011-07-04,2011-07-04,,"Sherlock Holmes","Sherlock Holmes",https://www.imdb.com/title/tt0988045/,Movie,7.5,128,2009,"Action, Adventure, Mystery",697544,2009-12-25,"Guy Ritchie",,
52,tt0844760,2011-07-04,2011-07-04,,"Starship Troopers 3: Marauder","Starship Troopers 3: Marauder",https://www.imdb.com/title/tt0844760/,Video,4.4,105,2008,"Action, Adventure, Sci-Fi",25354,2008-08-05,"Edward Neumeier",,
53,tt0844479,2011-07-04,2011-07-04,,"The Collector","The Collector",https://www.imdb.com/title/tt0844479/,Movie,6.3,90,2009,"Horror, Thriller",78035,2009-07-31,"Marcus Dunstan",,
54,tt0483607,2011-07-04,2011-07-04,,"Doomsday","Doomsday",https://www.imdb.com/title/tt0483607/,Movie,5.9,105,2008,"Action, Sci-Fi, Thriller",81822,2008-03-14,"Neil Marshall",,
55,tt0119094,2011-07-04,2011-07-04,,"Face/Off","Face/Off",https://www.imdb.com/title/tt0119094/,Movie,7.3,138,1997,"Action, Crime, Sci-Fi, Thriller",419917,1997-06-27,"John Woo",,
56,tt1053859,2011-07-04,2011-07-04,,"The Grudge 3","The Grudge 3",https://www.imdb.com/title/tt1053859/,Movie,4.6,90,2009,"Horror, Mystery, Thriller",20474,2009-06-02,"Toby Wilkins",,
57,tt0758746,2011-07-04,2011-07-04,,"Friday the 13th","Friday the 13th",https://www.imdb.com/title/tt0758746/,Movie,5.5,97,2009,"Horror, Mystery, Thriller",124137,2009-02-13,"Marcus Nispel",,
58,tt1013752,2011-07-04,2011-07-04,,"Fast & Furious","Fast & Furious",https://www.imdb.com/title/tt1013752/,Movie,6.5,107,2009,"Action, Thriller",328841,2009-04-03,"Justin Lin",,
59,tt0364447,2011-07-04,2011-07-04,,"My Wife Is a Gangster 2","Jopog manura 2: Dolaon jeonseol",https://www.imdb.com/title/tt0364447/,Movie,6.0,110,2003,"Action, Comedy, Crime",1402,2003-09-05,"Heung-sun Jeong",,
60,tt0482522,2011-07-04,2011-07-04,,"Hookers Inc.","Hookers Inc.",https://www.imdb.com/title/tt0482522/,Movie,4.7,118,2006,"Comedy",123,2006,"Tim Pingel",,
61,tt0478087,2011-07-04,2011-07-04,,"21","21",https://www.imdb.com/title/tt0478087/,Movie,6.8,123,2008,"Crime, Drama, Thriller",277230,2008-03-28,"Robert Luketic",,
62,tt0457400,2011-07-04,2011-07-04,,"Land of the Lost","Land of the Lost",https://www.imdb.com/title/tt0457400/,Movie,5.3,102,2009,"Action, Adventure, Comedy, Sci-Fi",78525,2009-06-05,"Brad Silberling",,
63,tt0460740,2011-07-04,2011-07-04,,"Cashback","Cashback",https://www.imdb.com/title/tt0460740/,Movie,7.1,102,2006,"Comedy, Drama, Romance",93805,2006-11-21,"Sean Ellis",,
64,tt1213644,2011-07-04,2011-07-04,,"Disaster Movie","Disaster Movie",https://www.imdb.com/title/tt1213644/,Movie,1.9,87,2008,"Comedy, Sci-Fi",97138,2008-08-29,"Jason Friedberg, Aaron Seltzer",,
65,tt0831279,2011-07-04,2011-07-04,,"The Casino Job","The Casino Job",https://www.imdb.com/title/tt0831279/,Movie,3.5,81,2009,"Crime, Drama",1133,2009-03-10,"Christopher Robin Hood",,
66,tt0317740,2011-07-04,2011-07-04,,"The Italian Job","The Italian Job",https://www.imdb.com/title/tt0317740/,Movie,7.0,111,2003,"Action, Crime, Thriller",402549,2003-05-30,"F. Gary Gray",,
67,tt0499549,2011-07-04,2011-07-04,,"Avatar","Avatar",https://www.imdb.com/title/tt0499549/,Movie,7.9,162,2009,"Action, Adventure, Fantasy, Sci-Fi",1449915,2009-12-18,"James Cameron",,
68,tt1179034,2011-07-04,2011-07-04,,"From Paris with Love","From Paris with Love",https://www.imdb.com/title/tt1179034/,Movie,6.4,92,2010,"Action, Crime, Thriller",125495,2010-02-05,"Pierre Morel",,
69,tt0290002,2011-07-04,2011-07-04,,"Meet the Fockers","Meet the Fockers",https://www.imdb.com/title/tt0290002/,Movie,6.4,115,2004,"Comedy, Romance",298528,2004-12-22,"Jay Roach",,
70,tt0814255,2011-07-04,2011-07-04,,"Percy Jackson & the Olympians: The Lightning Thief","Percy Jackson & the Olympians: The Lightning Thief",https://www.imdb.com/title/tt0814255/,Movie,5.9,118,2010,"Adventure, Family, Fantasy",211770,2010-02-12,"Chris Columbus",,
71,tt1034032,2011-07-04,2011-07-04,,"Gamer","Gamer",https://www.imdb.com/title/tt1034032/,Movie,5.7,95,2009,"Action, Sci-Fi, Thriller",142858,2009-09-04,"Mark Neveldine, Brian Taylor",,
72,tt0356910,2011-07-04,2011-07-04,,"Mr. & Mrs. Smith","Mr. & Mrs. Smith",https://www.imdb.com/title/tt0356910/,Movie,6.5,120,2005,"Action, Comedy, Crime, Thriller",579043,2005-06-10,"Doug Liman",,
73,tt1172233,2011-07-04,2011-07-04,,"Whip It","Whip It",https://www.imdb.com/title/tt1172233/,Movie,6.9,111,2009,"Drama, Sport",71883,2009-10-02,"Drew Barrymore",,
74,tt1186367,2011-07-04,2011-07-04,,"Ninja Assassin","Ninja Assassin",https://www.imdb.com/title/tt1186367/,Movie,6.3,99,2009,"Action, Thriller",78747,2009-11-25,"James McTeigue",,
75,tt0814335,2011-07-04,2011-07-04,,"The Stepfather","The Stepfather",https://www.imdb.com/title/tt0814335/,Movie,5.6,101,2009,"Mystery, Thriller",41983,2009-10-16,"Nelson McCormick",,
76,tt0808510,2011-07-04,2011-07-04,,"Tooth Fairy","Tooth Fairy",https://www.imdb.com/title/tt0808510/,Movie,5.1,101,2010,"Comedy, Family, Fantasy, Sport",52300,2010-01-22,"Michael Lembeck",,
77,tt0881891,2011-07-04,2011-07-04,,"All About Steve","All About Steve",https://www.imdb.com/title/tt0881891/,Movie,4.8,99,2009,"Comedy, Romance",45721,2009-09-04,"Phil Traill",,
78,tt0808151,2011-07-04,2011-07-04,,"Angels & Demons","Angels & Demons",https://www.imdb.com/title/tt0808151/,Movie,6.7,138,2009,"Mystery, Thriller",321495,2009-05-15,"Ron Howard",,
79,tt0479968,2011-07-04,2011-07-04,,"One Missed Call","One Missed Call",https://www.imdb.com/title/tt0479968/,Movie,4.1,87,2008,"Horror, Mystery",35043,2008-01-04,"Eric Valette",,
80,tt0811138,2011-07-04,2011-07-04,,"The Love Guru","The Love Guru",https://www.imdb.com/title/tt0811138/,Movie,3.8,87,2008,"Comedy, Romance, Sport",56412,2008-06-20,"Marco Schnabel",,
81,tt1193138,2011-07-04,2011-07-04,,"Up in the Air","Up in the Air",https://www.imdb.com/title/tt1193138/,Movie,7.4,109,2009,"Comedy, Drama, Romance",357547,2009-12-23,"Jason Reitman",,
82,tt0989757,2011-07-04,2011-07-04,,"Dear John","Dear John",https://www.imdb.com/title/tt0989757/,Movie,6.3,108,2010,"Drama, Romance, War",162227,2010-02-05,"Lasse Hallström",,
83,tt0482527,2011-07-04,2011-07-04,,"It's a Boy Girl Thing","It's a Boy Girl Thing",https://www.imdb.com/title/tt0482527/,Movie,6.2,95,2006,"Comedy, Fantasy, Romance",44175,2006-12-26,"Nick Hurran",,
84,tt1041829,2011-07-04,2011-07-04,,"The Proposal","The Proposal",https://www.imdb.com/title/tt1041829/,Movie,6.8,108,2009,"Comedy, Drama, Romance",387452,2009-06-19,"Anne Fletcher",,
85,tt1220198,2011-07-04,2011-07-04,,"The Fourth Kind","The Fourth Kind",https://www.imdb.com/title/tt1220198/,Movie,5.9,98,2009,"Horror, Mystery, Sci-Fi, Thriller",85226,2009-11-06,"Olatunde Osunsanmi",,
86,tt0432021,2011-07-04,2011-07-04,,"Resident Evil: Extinction","Resident Evil: Extinction",https://www.imdb.com/title/tt0432021/,Movie,6.2,94,2007,"Action, Horror, Sci-Fi",212868,2007-09-21,"Russell Mulcahy",,
87,tt0482571,2011-07-04,2011-07-04,,"The Prestige","The Prestige",https://www.imdb.com/title/tt0482571/,Movie,8.5,130,2006,"Drama, Mystery, Sci-Fi, Thriller",1546535,2006-10-20,"Christopher Nolan",10,2016-01-30
88,tt0489664,2011-07-04,2011-07-04,,"Shattered","Butterfly on a Wheel",https://www.imdb.com/title/tt0489664/,Movie,6.6,95,2007,"Crime, Drama, Thriller",34757,2007-08-23,"Mike Barker",,
89,tt0486655,2011-07-04,2011-07-04,,"Stardust","Stardust",https://www.imdb.com/title/tt0486655/,Movie,7.6,127,2007,"Adventure, Fantasy, Romance",295204,2007-08-10,"Matthew Vaughn",,
90,tt0423294,2011-07-04,2011-07-04,,"Surf's Up","Surf's Up",https://www.imdb.com/title/tt0423294/,Movie,6.7,85,2007,"Animation, Adventure, Comedy, Family, Sport",99263,2007-06-08,"Ash Brannon, Chris Buck",,
91,tt0454841,2011-07-04,2011-07-04,,"The Hills Have Eyes","The Hills Have Eyes",https://www.imdb.com/title/tt0454841/,Movie,6.4,107,2006,"Horror, Thriller",192953,2006-03-10,"Alexandre Aja",,
92,tt0800069,2011-07-04,2011-07-04,,"The Hills Have Eyes 2","The Hills Have Eyes II",https://www.imdb.com/title/tt0800069/,Movie,5.1,89,2007,"Horror, Thriller",70421,2007-03-23,"Martin Weisz",,
93,tt0484562,2011-07-04,2011-07-04,,"The Seeker: The Dark Is Rising","The Seeker: The Dark Is Rising",https://www.imdb.com/title/tt0484562/,Movie,4.8,99,2007,"Adventure, Drama, Family, Fantasy, Thriller",16155,2007-10-05,"David L. Cunningham",,
94,tt0344854,2011-07-04,2011-07-04,,"Arthur and the Invisibles","Arthur et les Minimoys",https://www.imdb.com/title/tt0344854/,Movie,6.0,94,2006,"Animation, Adventure, Comedy, Family, Fantasy",43527,2007-01-12,"Luc Besson",,
95,tt0486822,2011-07-04,2011-07-04,,"Disturbia","Disturbia",https://www.imdb.com/title/tt0486822/,Movie,6.8,105,2007,"Crime, Drama, Mystery, Thriller",269973,2007-04-13,"D.J. Caruso",,
96,tt0992911,2011-07-04,2011-07-04,,"Flash Point","Dou foh sin",https://www.imdb.com/title/tt0992911/,Movie,6.7,88,2007,"Action, Crime, Thriller",14358,2007-08-03,"Wilson Yip",,
97,tt0387808,2011-07-04,2011-07-04,,"Idiocracy","Idiocracy",https://www.imdb.com/title/tt0387808/,Movie,6.5,84,2006,"Adventure, Comedy, Sci-Fi, Thriller",207447,2007-01-25,"Mike Judge",,
98,tt0091431,2011-07-04,2011-07-04,,"Armour of God","Lung hing foo dai",https://www.imdb.com/title/tt0091431/,Movie,6.9,88,1986,"Action, Adventure, Comedy",23758,1987-01-21,"Jackie Chan, Eric Tsang",,
99,tt0271946,2011-07-04,2011-07-04,,"The Accidental Spy","Dak mo mai sing",https://www.imdb.com/title/tt0271946/,Movie,5.8,87,2001,"Action, Comedy, Crime, Mystery, Thriller",19598,2001-01-18,"Teddy Chan",,
100,tt0800240,2011-07-04,2011-07-04,,"Deception","Deception",https://www.imdb.com/title/tt0800240/,Movie,6.0,107,2008,"Crime, Drama, Mystery, Thriller",41947,2008-04-25,"Marcel Langenegger",,
101,tt0460780,2011-07-04,2011-07-04,,"In the Name of the King: A Dungeon Siege Tale","In the Name of the King: A Dungeon Siege Tale",https://www.imdb.com/title/tt0460780/,Movie,3.8,127,2007,"Action, Adventure, Fantasy, Thriller, War",52671,2008-01-11,"Uwe Boll",,
102,tt0361748,2011-07-04,2011-07-04,,"Inglourious Basterds","Inglourious Basterds",https://www.imdb.com/title/tt0361748/,Movie,8.4,153,2009,"Adventure, Drama, War",1727337,2009-08-21,"Quentin Tarantino",,
103,tt0457419,2011-07-04,2011-07-04,,"Mr. Magorium's Wonder Emporium","Mr. Magorium's Wonder Emporium",https://www.imdb.com/title/tt0457419/,Movie,6.2,93,2007,"Comedy, Family, Fantasy",48914,2007-11-16,"Zach Helm",,
104,tt0431197,2011-07-04,2011-07-04,,"The Kingdom","The Kingdom",https://www.imdb.com/title/tt0431197/,Movie,7.0,110,2007,"Action, Drama, Thriller",136210,2007-09-28,"Peter Berg",,
105,tt0434409,2011-07-04,2011-07-04,,"V for Vendetta","V for Vendetta",https://www.imdb.com/title/tt0434409/,Movie,8.1,132,2005,"Action, Drama, Sci-Fi, Thriller",1229103,2006-03-17,"James McTeigue",,
106,tt0289043,2011-07-04,2011-07-04,,"28 Days Later","28 Days Later",https://www.imdb.com/title/tt0289043/,Movie,7.5,113,2002,"Drama, Horror, Sci-Fi, Thriller",522785,2003-06-27,"Danny Boyle",,
107,tt0426883,2011-07-04,2011-07-04,,"Alpha Dog","Alpha Dog",https://www.imdb.com/title/tt0426883/,Movie,6.9,122,2006,"Biography, Crime, Drama, Thriller",110717,2007-01-12,"Nick Cassavetes",,
108,tt0488085,2011-07-04,2011-07-04,,"Big Nothing","Big Nothing",https://www.imdb.com/title/tt0488085/,Movie,6.7,86,2006,"Comedy, Crime, Thriller",32634,2006-12-01,"Jean-Baptiste Andrea",,
109,tt0910865,2011-07-04,2011-07-04,,"Doctor Strange","Doctor Strange",https://www.imdb.com/title/tt0910865/,Video,6.6,76,2007,"Animation, Action, Fantasy",9139,2007-08-14,"Patrick Archibald, Jay Oliva, Dick Sebast, Frank Paur",,
110,tt0448011,2011-07-04,2011-07-04,,"Knowing","Knowing",https://www.imdb.com/title/tt0448011/,Movie,6.2,121,2009,"Mystery, Sci-Fi, Thriller",258934,2009-03-20,"Alex Proyas",,
111,tt0338216,2011-07-04,2011-07-04,,"Lucky You","Lucky You",https://www.imdb.com/title/tt0338216/,Movie,5.9,124,2007,"Drama, Romance, Sport",21516,2007-05-04,"Curtis Hanson",,
112,tt0887912,2011-07-04,2011-07-04,,"The Hurt Locker","The Hurt Locker",https://www.imdb.com/title/tt0887912/,Movie,7.5,131,2008,"Drama, Thriller, War",489381,2009-07-31,"Kathryn Bigelow",,
113,tt0884328,2011-07-04,2011-07-04,,"The Mist","The Mist",https://www.imdb.com/title/tt0884328/,Movie,7.1,126,2007,"Horror, Sci-Fi, Thriller",365752,2007-11-21,"Frank Darabont",10,2015-05-10
114,tt0120794,2011-07-04,2011-07-04,,"The Prince of Egypt","The Prince of Egypt",https://www.imdb.com/title/tt0120794/,Movie,7.2,99,1998,"Animation, Adventure, Drama, Family, Fantasy, Musical",158233,1998-12-18,"Brenda Chapman, Steve Hickner, Simon Wells",,
115,tt0416236,2011-07-04,2011-07-04,,"The Spiderwick Chronicles","The Spiderwick Chronicles",https://www.imdb.com/title/tt0416236/,Movie,6.5,96,2008,"Action, Adventure, Drama, Family, Fantasy, Thriller",107440,2008-02-14,"Mark Waters",,
116,tt0473356,2011-07-04,2011-07-04,,"The Flock","The Flock",https://www.imdb.com/title/tt0473356/,Movie,5.7,96,2007,"Crime, Drama, Mystery, Thriller",12692,2007-08-04,"Wai Keung Lau",,
117,tt0118571,2011-07-04,2011-07-04,,"Air Force One","Air Force One",https://www.imdb.com/title/tt0118571/,Movie,6.5,124,1997,"Action, Crime, Drama, Thriller",220565,1997-07-25,"Wolfgang Petersen",,
118,tt1279935,2011-07-04,2011-07-04,,"Date Night","Date Night",https://www.imdb.com/title/tt1279935/,Movie,6.3,88,2010,"Comedy, Crime, Romance, Thriller",177745,2010-04-09,"Shawn Levy",,
119,tt1250777,2011-07-04,2011-07-04,,"Kick-Ass","Kick-Ass",https://www.imdb.com/title/tt1250777/,Movie,7.6,117,2010,"Action, Comedy, Crime",614680,2010-04-16,"Matthew Vaughn",,
120,tt1037705,2011-07-04,2011-07-04,,"The Book of Eli","The Book of Eli",https://www.imdb.com/title/tt1037705/,Movie,6.8,118,2010,"Action, Adventure, Drama, Thriller",355836,2010-01-15,"Albert Hughes, Allen Hughes",,
121,tt0380510,2011-07-04,2011-07-04,,"The Lovely Bones","The Lovely Bones",https://www.imdb.com/title/tt0380510/,Movie,6.6,135,2009,"Drama, Fantasy, Thriller",188730,2010-01-15,"Peter Jackson",,
122,tt1078940,2011-07-04,2011-07-04,,"Couples Retreat","Couples Retreat",https://www.imdb.com/title/tt1078940/,Movie,5.6,113,2009,"Comedy",119850,2009-10-09,"Peter Billingsley",,
123,tt0433362,2011-07-04,2011-07-04,,"Daybreakers","Daybreakers",https://www.imdb.com/title/tt0433362/,Movie,6.4,98,2009,"Action, Horror, Sci-Fi, Thriller",139535,2010-01-08,"Michael Spierig, Peter Spierig",,
124,tt1045772,2011-07-04,2011-07-04,,"I Love You Phillip Morris","I Love You Phillip Morris",https://www.imdb.com/title/tt1045772/,Movie,6.6,98,2009,"Biography, Comedy, Crime, Drama, Romance",102416,2011-01-07,"Glenn Ficarra, John Requa",,
125,tt0496806,2011-07-04,2011-07-04,,"Ocean's Thirteen","Ocean's Thirteen",https://www.imdb.com/title/tt0496806/,Movie,6.9,122,2007,"Crime, Thriller",381990,2007-06-08,"Steven Soderbergh",,
126,tt0970452,2011-07-04,2011-07-04,,"Solomon Kane","Solomon Kane",https://www.imdb.com/title/tt0970452/,Movie,6.1,104,2009,"Action, Adventure, Fantasy, Horror",79587,2012-08-24,"MJ Bassett",,
127,tt1407078,2011-07-04,2011-07-04,,"The Stranger","The Stranger",https://www.imdb.com/title/tt1407078/,Video,4.6,91,2010,"Action, Adventure, Crime, Mystery, Thriller",3476,2010-06-01,"Robert Lieberman",,
128,tt0815236,2011-07-04,2011-07-04,,"She's Out of My League","She's Out of My League",https://www.imdb.com/title/tt0815236/,Movie,6.4,104,2010,"Comedy, Romance",151023,2010-03-12,"Jim Field Smith",,
129,tt0411951,2011-07-04,2011-07-04,,"Tekken","Tekken",https://www.imdb.com/title/tt0411951/,Movie,4.8,92,2010,"Action, Crime, Drama, Sci-Fi, Thriller",29336,2010-03-20,"Dwight H. Little",,
130,tt0455407,2011-07-04,2011-07-04,,"The Crazies","The Crazies",https://www.imdb.com/title/tt0455407/,Movie,6.5,101,2010,"Horror",135711,2010-02-26,"Breck Eisner",,
131,tt1196141,2011-07-04,2011-07-04,,"Diary of a Wimpy Kid","Diary of a Wimpy Kid",https://www.imdb.com/title/tt1196141/,Movie,6.2,94,2010,"Comedy, Drama, Family",63770,2010-03-19,"Thor Freudenthal",,
132,tt1231587,2011-07-04,2011-07-04,,"Hot Tub Time Machine","Hot Tub Time Machine",https://www.imdb.com/title/tt1231587/,Movie,6.4,99,2010,"Comedy, Sci-Fi",194297,2010-03-26,"Steve Pink",,
133,tt0944835,2011-07-04,2011-07-04,,"Salt","Salt",https://www.imdb.com/title/tt0944835/,Movie,6.5,100,2010,"Action, Thriller",339899,2010-07-23,"Phillip Noyce",10,2019-04-01
134,tt0429493,2011-07-04,2011-07-04,,"The A-Team","The A-Team",https://www.imdb.com/title/tt0429493/,Movie,6.7,117,2010,"Action, Adventure, Crime, Thriller",275021,2010-06-11,"Joe Carnahan",10,2016-02-28
135,tt0480255,2011-07-04,2011-07-04,,"The Losers","The Losers",https://www.imdb.com/title/tt0480255/,Movie,6.2,97,2010,"Action, Adventure, Comedy, Crime, Mystery, Thriller",110406,2010-04-23,"Sylvain White",,
136,tt0985694,2011-07-04,2011-07-04,,"Machete","Machete",https://www.imdb.com/title/tt0985694/,Movie,6.6,105,2010,"Action, Crime, Thriller",208492,2010-09-03,"Ethan Maniquis, Robert Rodriguez",,
137,tt0938283,2011-07-04,2011-07-04,,"The Last Airbender","The Last Airbender",https://www.imdb.com/title/tt0938283/,Movie,3.9,103,2010,"Action, Adventure, Family, Fantasy",179675,2010-07-01,"M. Night Shyamalan",,
138,tt1013743,2011-07-04,2011-07-04,,"Knight and Day","Knight and Day",https://www.imdb.com/title/tt1013743/,Movie,6.3,109,2010,"Action, Adventure, Comedy",221500,2010-06-23,"James Mangold",,
139,tt1179056,2011-07-04,2011-07-04,,"A Nightmare on Elm Street","A Nightmare on Elm Street",https://www.imdb.com/title/tt1179056/,Movie,5.2,95,2010,"Crime, Drama, Horror, Mystery",113268,2010-04-30,"Samuel Bayer",,
140,tt1424381,2011-07-04,2011-07-04,,"Predators","Predators",https://www.imdb.com/title/tt1424381/,Movie,6.4,107,2010,"Action, Adventure, Sci-Fi, Thriller",256839,2010-07-09,"Nimród Antal",,
141,tt0365748,2011-07-04,2011-07-04,,"Shaun of the Dead","Shaun of the Dead",https://www.imdb.com/title/tt0365748/,Movie,7.8,99,2004,"Comedy, Horror",628580,2004-09-24,"Edgar Wright",,
142,tt1375670,2011-07-04,2011-07-04,,"Grown Ups","Grown Ups",https://www.imdb.com/title/tt1375670/,Movie,6.0,102,2010,"Comedy",303994,2010-06-25,"Dennis Dugan",,
143,tt0386588,2011-07-04,2011-07-04,,"Hitch","Hitch",https://www.imdb.com/title/tt0386588/,Movie,6.6,118,2005,"Comedy, Romance",345331,2005-02-11,"Andy Tennant",,
144,tt1103153,2011-07-04,2011-07-04,,"Killers","Killers",https://www.imdb.com/title/tt1103153/,Movie,5.5,100,2010,"Action, Comedy, Romance, Thriller",98833,2010-06-04,"Robert Luketic",,
145,tt1023481,2011-07-04,2011-07-04,,"Step Up 2 the Streets","Step Up 2: The Streets",https://www.imdb.com/title/tt1023481/,Movie,6.2,98,2008,"Drama, Music, Romance",93642,2008-02-14,"Jon M. Chu",,
146,tt1235189,2011-07-04,2011-07-04,,"Wild Target","Wild Target",https://www.imdb.com/title/tt1235189/,Movie,6.7,98,2010,"Action, Comedy, Crime",41980,2010-06-18,"Jonathan Lynn",,
147,tt1228705,2011-07-04,2011-07-04,,"Iron Man 2","Iron Man 2",https://www.imdb.com/title/tt1228705/,Movie,6.9,124,2010,"Action, Sci-Fi",918846,2010-05-07,"Jon Favreau",,
148,tt0473075,2011-07-04,2011-07-04,,"Prince of Persia: The Sands of Time","Prince of Persia: The Sands of Time",https://www.imdb.com/title/tt0473075/,Movie,6.5,116,2010,"Action, Adventure, Fantasy",314316,2010-05-28,"Mike Newell",,
149,tt1320253,2011-07-04,2011-07-04,,"The Expendables","The Expendables",https://www.imdb.com/title/tt1320253/,Movie,6.4,103,2010,"Action, Adventure, Thriller",376186,2010-08-13,"Sylvester Stallone",,
150,tt1232783,2011-07-04,2011-07-04,,"Sorority Row","Sorority Row",https://www.imdb.com/title/tt1232783/,Movie,5.2,101,2009,"Horror, Mystery",33649,2009-09-11,"Stewart Hendler",,
151,tt1185416,2011-07-04,2011-07-04,,"When in Rome","When in Rome",https://www.imdb.com/title/tt1185416/,Movie,5.5,91,2010,"Comedy, Romance",66669,2010-01-29,"Mark Steven Johnson",,
152,tt1323045,2011-07-04,2011-07-04,,"Frozen","Frozen",https://www.imdb.com/title/tt1323045/,Movie,6.2,93,2010,"Adventure, Thriller",85797,2010-03-25,"Adam Green",,
153,tt0892769,2011-07-04,2011-07-04,,"How to Train Your Dragon","How to Train Your Dragon",https://www.imdb.com/title/tt0892769/,Movie,8.1,98,2010,"Animation, Action, Adventure, Family, Fantasy",870121,2010-03-26,"Dean DeBlois, Chris Sanders",,
154,tt1075747,2011-07-04,2011-07-04,,"Jonah Hex","Jonah Hex",https://www.imdb.com/title/tt1075747/,Movie,4.7,81,2010,"Action, Drama, Fantasy, Thriller, Western",63971,2010-06-18,"Jimmy Hayward",,
155,tt0464154,2011-07-04,2011-07-04,,"Piranha 3D","Piranha 3D",https://www.imdb.com/title/tt0464154/,Movie,5.5,88,2010,"Comedy, Horror",100829,2010-08-20,"Alexandre Aja",,
156,tt1220634,2011-07-04,2011-07-04,,"Resident Evil: Afterlife","Resident Evil: Afterlife",https://www.imdb.com/title/tt1220634/,Movie,5.8,96,2010,"Action, Horror, Sci-Fi",185251,2010-09-10,"Paul W.S. Anderson",,
157,tt1407049,2011-07-04,2011-07-04,,"Altitude","Altitude",https://www.imdb.com/title/tt1407049/,Movie,4.8,90,2010,"Horror, Mystery, Sci-Fi, Thriller",10876,2010-10-10,"Kaare Andrews",,
158,tt1287468,2011-07-04,2011-07-04,,"Cats & Dogs: The Revenge of Kitty Galore","Cats & Dogs: The Revenge of Kitty Galore",https://www.imdb.com/title/tt1287468/,Movie,4.4,82,2010,"Action, Comedy, Family, Fantasy",16984,2010-07-30,"Brad Peyton",,
159,tt0800320,2011-07-04,2011-07-04,,"Clash of the Titans","Clash of the Titans",https://www.imdb.com/title/tt0800320/,Movie,5.8,106,2010,"Action, Adventure, Fantasy",301948,2010-04-02,"Louis Leterrier",,
160,tt1321509,2011-07-04,2011-07-04,,"Death at a Funeral","Death at a Funeral",https://www.imdb.com/title/tt1321509/,Movie,5.7,92,2010,"Comedy, Drama",56217,2010-04-16,"Neil LaBute",1,2020-08-23
161,tt1226229,2011-07-04,2011-07-04,,"Get Him to the Greek","Get Him to the Greek",https://www.imdb.com/title/tt1226229/,Movie,6.3,109,2010,"Comedy, Music",189133,2010-06-04,"Nicholas Stoller",,
162,tt1032815,2011-07-04,2011-07-04,,"I Love You, Beth Cooper","I Love You, Beth Cooper",https://www.imdb.com/title/tt1032815/,Movie,5.4,102,2009,"Adventure, Comedy, Family, Romance",38926,2009-07-10,"Chris Columbus",,
163,tt1375666,2011-07-04,2011-07-04,,"Inception","Inception",https://www.imdb.com/title/tt1375666/,Movie,8.8,148,2010,"Action, Adventure, Sci-Fi, Thriller",2742063,2010-07-16,"Christopher Nolan",10,2016-01-30
164,tt1172060,2011-07-04,2011-07-04,,"It's Alive","It's Alive",https://www.imdb.com/title/tt1172060/,Movie,3.5,80,2009,"Horror, Sci-Fi",3082,2009-04-02,"Josef Rusnak",,
165,tt1447793,2011-07-04,2011-07-04,,"My Girlfriend's Boyfriend","My Girlfriend's Boyfriend",https://www.imdb.com/title/tt1447793/,Movie,5.8,84,2010,"Comedy, Romance",6086,2012-11-10,"Daryn Tufts",,
166,tt1245526,2011-07-04,2011-07-04,,"RED","RED",https://www.imdb.com/title/tt1245526/,Movie,7.0,111,2010,"Action, Comedy, Crime, Thriller",334952,2010-10-15,"Robert Schwentke",,
167,tt0964539,2011-07-04,2011-07-04,,"Pathology","Pathology",https://www.imdb.com/title/tt0964539/,Movie,5.9,95,2008,"Crime, Horror, Thriller",34421,2008-04-11,"Marc Schölermann",,
168,tt0955308,2011-07-04,2011-07-04,,"Robin Hood","Robin Hood",https://www.imdb.com/title/tt0955308/,Movie,6.6,140,2010,"Action, Adventure, Drama, History",292972,2010-05-14,"Ridley Scott",,
169,tt0446029,2011-07-04,2011-07-04,,"Scott Pilgrim vs. the World","Scott Pilgrim vs. the World",https://www.imdb.com/title/tt0446029/,Movie,7.5,112,2010,"Action, Comedy, Fantasy, Romance",488474,2010-08-13,"Edgar Wright",,
170,tt1017460,2011-07-04,2011-07-04,,"Splice","Splice",https://www.imdb.com/title/tt1017460/,Movie,5.8,104,2009,"Horror, Sci-Fi",105608,2010-06-04,"Vincenzo Natali",,
171,tt1673430,2011-07-04,2011-07-04,,"Superman/Batman: Apocalypse","Superman/Batman: Apocalypse",https://www.imdb.com/title/tt1673430/,Video,7.0,78,2010,"Animation, Action, Adventure, Sci-Fi",30000,2010-09-28,"Lauren Montgomery",,
172,tt1386588,2011-07-04,2011-07-04,,"The Other Guys","The Other Guys",https://www.imdb.com/title/tt1386588/,Movie,6.7,107,2010,"Action, Comedy, Crime, Thriller",303553,2010-08-06,"Adam McKay",,
173,tt1155076,2011-07-04,2011-07-04,,"The Karate Kid","The Karate Kid",https://www.imdb.com/title/tt1155076/,Movie,6.3,140,2010,"Action, Drama, Family, Sport",222235,2010-06-11,"Harald Zwart",,
174,tt0780653,2011-07-04,2011-07-04,,"The Wolfman","The Wolfman",https://www.imdb.com/title/tt0780653/,Movie,5.9,103,2010,"Drama, Fantasy, Horror, Thriller",116260,2010-02-12,"Joe Johnston",,
175,tt1241017,2011-07-04,2011-07-04,,"How to Make Love to a Woman","How to Make Love to a Woman",https://www.imdb.com/title/tt1241017/,Movie,4.1,91,2010,"Comedy",3189,2010,"Scott Culver",,
176,tt1730704,2011-07-04,2011-07-04,,"Milf","Milf",https://www.imdb.com/title/tt1730704/,Video,3.8,88,2010,"Comedy",6202,2010-10-26,"Scott Wheeler",,
177,tt1294226,2011-07-04,2011-07-04,,"The Last Song","The Last Song",https://www.imdb.com/title/tt1294226/,Movie,6.0,107,2010,"Drama, Music, Romance",95109,2010-03-31,"Julie Anne Robinson",,
178,tt1285016,2011-07-04,2011-07-04,,"The Social Network","The Social Network",https://www.imdb.com/title/tt1285016/,Movie,7.8,120,2010,"Biography, Drama",803315,2010-10-01,"David Fincher",,
179,tt1666186,2011-07-04,2011-07-04,,"Vampires Suck","Vampires Suck",https://www.imdb.com/title/tt1666186/,Movie,3.5,82,2010,"Comedy, Horror",53984,2010-08-18,"Jason Friedberg, Aaron Seltzer",,
180,tt1027718,2011-07-04,2011-07-04,,"Wall Street: Money Never Sleeps","Wall Street: Money Never Sleeps",https://www.imdb.com/title/tt1027718/,Movie,6.2,133,2010,"Drama",109096,2010-09-24,"Oliver Stone",,
181,tt1453245,2011-07-04,2011-07-04,,"Devil's Playground","Devil's Playground",https://www.imdb.com/title/tt1453245/,Movie,5.1,96,2010,"Action, Horror",5301,2011-09,"Mark McQueen",,
182,tt0172495,2011-07-04,2011-07-04,,"Gladiator","Gladiator",https://www.imdb.com/title/tt0172495/,Movie,8.5,155,2000,"Action, Adventure, Drama",1800554,2000-05-05,"Ridley Scott",,
183,tt1183276,2011-07-04,2011-07-04,,"The Horde","La horde",https://www.imdb.com/title/tt1183276/,Movie,5.9,90,2009,"Action, Horror",16962,2010-02-10,"Yannick Dahan, Benjamin Rocher",,
184,tt1017464,2011-07-04,2011-07-04,,"The Tortured","The Tortured",https://www.imdb.com/title/tt1017464/,Movie,5.4,82,2010,"Horror, Thriller",8583,2012-09-28,"Robert Lieberman",,
185,tt1325753,2011-07-04,2011-07-04,,"Hulk Vs.","Hulk Vs.",https://www.imdb.com/title/tt1325753/,Video,6.9,82,2009,"Animation, Action, Adventure, Fantasy, Sci-Fi",13736,2009-01-27,"Sam Liu, Frank Paur",,
186,tt1213012,2011-07-04,2011-07-04,,"Alpha and Omega","Alpha and Omega",https://www.imdb.com/title/tt1213012/,Movie,5.1,90,2010,"Animation, Adventure, Comedy, Family, Romance",15890,2010-09-17,"Anthony Bell, Ben Gluck",,
187,tt1001526,2011-07-04,2011-07-04,,"Megamind","Megamind",https://www.imdb.com/title/tt1001526/,Movie,7.3,95,2010,"Animation, Action, Adventure, Comedy, Crime, Family, Fantasy, Sci-Fi",317862,2010-11-05,"Tom McGrath",,
188,tt1323594,2011-07-04,2011-07-04,,"Despicable Me","Despicable Me",https://www.imdb.com/title/tt1323594/,Movie,7.6,95,2010,"Animation, Adventure, Comedy, Crime, Family, Sci-Fi",619771,2010-07-09,"Pierre Coffin, Chris Renaud",,
189,tt0472033,2011-07-04,2011-07-04,,"9","9",https://www.imdb.com/title/tt0472033/,Movie,7.0,79,2009,"Animation, Action, Adventure, Drama, Fantasy, Sci-Fi, Thriller",154906,2009-09-09,"Shane Acker",,
190,tt1219342,2011-07-04,2011-07-04,,"Legend of the Guardians: The Owls of Ga'Hoole","Legend of the Guardians: The Owls of Ga'Hoole",https://www.imdb.com/title/tt1219342/,Movie,6.9,97,2010,"Animation, Action, Adventure, Drama, Family, Fantasy, Mystery, Thriller, War",90787,2010-09-24,"Zack Snyder",,
191,tt0795361,2011-07-04,2011-07-04,,"Cougar Club","Cougar Club",https://www.imdb.com/title/tt0795361/,Movie,4.0,93,2007,"Comedy",3693,2007-11-13,"Christopher Duddy",,
192,tt1282140,2011-07-04,2011-07-04,,"Easy A","Easy A",https://www.imdb.com/title/tt1282140/,Movie,7.0,92,2010,"Comedy, Drama, Romance",437073,2010-09-17,"Will Gluck",,
193,tt1193631,2011-07-04,2011-07-04,,"Step Up 3D","Step Up 3D",https://www.imdb.com/title/tt1193631/,Movie,6.2,107,2010,"Drama, Music, Romance",61829,2010-08-06,"Jon M. Chu",,
194,tt0838247,2011-07-04,2011-07-04,,"After.Life","After.Life",https://www.imdb.com/title/tt0838247/,Movie,5.9,104,2009,"Drama, Mystery, Thriller",42595,2009-12-16,"Agnieszka Wojtowicz-Vosloo",,
195,tt1597033,2011-07-04,2011-07-04,,"Locked Down","Locked Down",https://www.imdb.com/title/tt1597033/,Movie,4.2,99,2010,"Action, Crime, Thriller",2698,2010-11-09,"Daniel Zirilli",,
196,tt1477076,2011-07-04,2011-07-04,,"Saw 3D","Saw 3D",https://www.imdb.com/title/tt1477076/,Movie,5.5,90,2010,"Crime, Horror, Mystery",116465,2010-10-29,"Kevin Greutert",,
197,tt1564585,2011-07-04,2011-07-04,,"Skyline","Skyline",https://www.imdb.com/title/tt1564585/,Movie,4.5,92,2010,"Action, Sci-Fi, Thriller",93922,2010-11-12,"Colin Strause, Greg Strause",,
198,tt1135084,2011-07-04,2011-07-04,,"Takers","Takers",https://www.imdb.com/title/tt1135084/,Movie,6.2,107,2010,"Action, Crime, Drama, Thriller",67832,2010-08-27,"John Luessenhop",,
199,tt1440728,2011-07-04,2011-07-04,,"The American","The American",https://www.imdb.com/title/tt1440728/,Movie,6.3,105,2010,"Crime, Drama, Thriller",105672,2010-09-01,"Anton Corbijn",,
200,tt0889573,2011-07-04,2011-07-04,,"The Switch","The Switch",https://www.imdb.com/title/tt0889573/,Movie,6.1,101,2010,"Comedy, Drama, Romance",116128,2010-08-20,"Josh Gordon, Will Speck",,
201,tt1322312,2011-07-04,2011-07-04,,"Going the Distance","Going the Distance",https://www.imdb.com/title/tt1322312/,Movie,6.3,102,2010,"Comedy, Romance",60787,2010-09-03,"Nanette Burstein",,
202,tt1055292,2011-07-04,2011-07-04,,"Life as We Know It","Life as We Know It",https://www.imdb.com/title/tt1055292/,Movie,6.5,114,2010,"Comedy, Drama, Romance",143410,2010-10-08,"Greg Berlanti",,
203,tt1243957,2011-07-04,2011-07-04,,"The Tourist","The Tourist",https://www.imdb.com/title/tt1243957/,Movie,6.0,103,2010,"Action, Romance, Thriller",266145,2010-12-10,"Florian Henckel von Donnersmarck",,
204,tt1414382,2011-07-04,2011-07-04,,"You Again","You Again",https://www.imdb.com/title/tt1414382/,Movie,5.8,105,2010,"Comedy, Romance",56233,2010-09-24,"Andy Fickman",,
205,tt0375568,2011-07-04,2011-07-04,,"Astro Boy","Astro Boy",https://www.imdb.com/title/tt0375568/,Movie,6.2,94,2009,"Animation, Action, Adventure, Comedy, Drama, Family, Fantasy, Sci-Fi",42149,2009-10-23,"David Bowers",,
206,tt0356150,2011-07-04,2011-07-04,,"EuroTrip","EuroTrip",https://www.imdb.com/title/tt0356150/,Movie,6.6,92,2004,"Comedy",238631,2004-02-20,"Jeff Schaffer, Alec Berg, David Mandel",,
207,tt1483025,2011-07-04,2011-07-04,,"Planet Hulk","Planet Hulk",https://www.imdb.com/title/tt1483025/,Video,6.7,81,2010,"Animation, Action, Adventure, Drama, Sci-Fi",14243,2010-02-02,"Sam Liu, Frank Paur",,
208,tt0320691,2011-07-04,2011-07-04,,"Underworld","Underworld",https://www.imdb.com/title/tt0320691/,Movie,7.0,121,2003,"Action, Fantasy, Thriller",296986,2003-09-19,"Len Wiseman",,
209,tt0401855,2011-07-04,2011-07-04,,"Underworld: Evolution","Underworld: Evolution",https://www.imdb.com/title/tt0401855/,Movie,6.7,106,2006,"Action, Fantasy, Thriller",215793,2006-01-20,"Len Wiseman",,
210,tt0834001,2011-07-04,2011-07-04,,"Underworld: Rise of the Lycans","Underworld: Rise of the Lycans",https://www.imdb.com/title/tt0834001/,Movie,6.5,92,2009,"Action, Fantasy, Thriller",173354,2009-01-23,"Patrick Tatopoulos",,
211,tt1462758,2011-07-04,2011-07-04,,"Buried","Buried",https://www.imdb.com/title/tt1462758/,Movie,7.0,95,2010,"Drama, Mystery, Thriller",174636,2010-10-15,"Rodrigo Cortés",,
212,tt1500491,2011-07-04,2011-07-04,,"Death Race 2","Death Race 2",https://www.imdb.com/title/tt1500491/,Video,5.6,96,2010,"Action, Crime, Sci-Fi, Thriller",35822,2011-01-18,"Roel Reiné",,
213,tt0427152,2011-07-04,2011-07-04,,"Dinner for Schmucks","Dinner for Schmucks",https://www.imdb.com/title/tt0427152/,Movie,5.9,114,2010,"Comedy",114466,2010-07-30,"Jay Roach",,
214,tt0963966,2011-07-04,2011-07-04,,"The Sorcerer's Apprentice","The Sorcerer's Apprentice",https://www.imdb.com/title/tt0963966/,Movie,6.1,109,2010,"Action, Adventure, Family, Fantasy",175009,2010-07-14,"Jon Turteltaub",,
215,tt1190080,2011-07-04,2011-07-04,,"2012","2012",https://www.imdb.com/title/tt1190080/,Movie,5.8,158,2009,"Action, Adventure, Sci-Fi",415409,2009-11-13,"Roland Emmerich",,
216,tt0844671,2011-07-04,2011-07-04,,"College","College",https://www.imdb.com/title/tt0844671/,Movie,4.6,94,2008,"Comedy",12822,2008-08-29,"Deb Hagan",,
217,tt0798817,2011-07-04,2011-07-04,,"13","13",https://www.imdb.com/title/tt0798817/,Movie,6.0,91,2010,"Crime, Drama, Thriller",45426,2010-03,"Géla Babluani",,
218,tt1648095,2011-07-04,2011-07-04,,"Here Comes the Bride","Here Comes the Bride",https://www.imdb.com/title/tt1648095/,Movie,6.5,108,2010,"Comedy, Fantasy, Romance",192,2010-05-12,"Chris Martinez",,
219,tt1536044,2011-07-04,2011-07-04,,"Paranormal Activity 2","Paranormal Activity 2",https://www.imdb.com/title/tt1536044/,Movie,5.7,91,2010,"Horror, Mystery",114005,2010-10-22,"Tod Williams",,
220,tt0185937,2011-07-04,2011-07-04,,"The Blair Witch Project","The Blair Witch Project",https://www.imdb.com/title/tt0185937/,Movie,6.5,81,1999,"Horror, Mystery",308076,1999-07-30,"Daniel Myrick, Eduardo Sánchez",,
221,tt0954947,2011-07-04,2011-07-04,,"The Killer Inside Me","The Killer Inside Me",https://www.imdb.com/title/tt0954947/,Movie,6.1,109,2010,"Crime, Drama, Mystery, Thriller",36689,2010-06-08,"Michael Winterbottom",,
222,tt0181689,2011-07-04,2011-07-04,,"Minority Report","Minority Report",https://www.imdb.com/title/tt0181689/,Movie,7.6,145,2002,"Action, Crime, Mystery, Sci-Fi, Thriller",610937,2002-06-21,"Steven Spielberg",,
223,tt1433108,2011-07-04,2011-07-04,,"Faster","Faster",https://www.imdb.com/title/tt1433108/,Movie,6.4,98,2010,"Action, Crime, Drama, Thriller",116047,2010-11-24,"George Tillman Jr.",,
224,tt0472399,2011-07-04,2011-07-04,,"The Mechanic","The Mechanic",https://www.imdb.com/title/tt0472399/,Movie,6.5,93,2011,"Action, Crime, Thriller",180479,2011-01-28,"Simon West",,
225,tt0844029,2011-07-04,2011-07-04,,"Ace Ventura: Pet Detective Jr.","Ace Ventura: Pet Detective Jr.",https://www.imdb.com/title/tt0844029/,TV Movie,2.1,93,2009,"Adventure, Comedy, Crime, Family",5970,2009-03-03,"David Mickey Evans",,
226,tt0872230,2011-07-04,2011-07-04,,"My Soul to Take","My Soul to Take",https://www.imdb.com/title/tt0872230/,Movie,4.8,107,2010,"Horror, Mystery, Thriller",22347,2010-10-08,"Wes Craven",,
227,tt1542344,2011-07-04,2011-07-04,,"127 Hours","127 Hours",https://www.imdb.com/title/tt1542344/,Movie,7.5,94,2010,"Biography, Drama",418952,2011-01-28,"Danny Boyle",,
228,tt1126591,2011-07-04,2011-07-04,,"Burlesque","Burlesque",https://www.imdb.com/title/tt1126591/,Movie,6.4,119,2010,"Drama, Music, Musical, Romance",97732,2010-11-24,"Steve Antin",,
229,tt0758752,2011-07-04,2011-07-04,,"Love & Other Drugs","Love & Other Drugs",https://www.imdb.com/title/tt0758752/,Movie,6.7,112,2010,"Comedy, Drama, Romance",243560,2010-11-24,"Edward Zwick",,
230,tt1352388,2011-07-04,2011-07-04,,"Nude Nuns with Big Guns","Nude Nuns with Big Guns",https://www.imdb.com/title/tt1352388/,Movie,3.9,91,2010,"Action, Comedy, Thriller",6472,2010-09-24,"Joseph Guzman",,
231,tt1231583,2011-07-04,2011-07-04,,"Due Date","Due Date",https://www.imdb.com/title/tt1231583/,Movie,6.5,95,2010,"Comedy, Drama",368126,2010-11-05,"Todd Phillips",,
232,tt0804497,2011-07-04,2011-07-04,,"It's Kind of a Funny Story","It's Kind of a Funny Story",https://www.imdb.com/title/tt0804497/,Movie,7.1,101,2010,"Comedy, Drama, Romance",151148,2010-10-08,"Anna Boden, Ryan Fleck",,
233,tt1228987,2011-07-04,2011-07-04,,"Let Me In","Let Me In",https://www.imdb.com/title/tt1228987/,Movie,7.1,116,2010,"Drama, Fantasy, Horror, Mystery, Thriller",131849,2010-10-01,"Matt Reeves",,
234,tt0970866,2011-07-04,2011-07-04,,"Little Fockers","Little Fockers",https://www.imdb.com/title/tt0970866/,Movie,5.5,98,2010,"Comedy, Romance",124374,2010-12-22,"Paul Weitz",,
235,tt1679235,2011-07-04,2011-07-04,,"Mean Girls 2","Mean Girls 2",https://www.imdb.com/title/tt1679235/,TV Movie,4.1,96,2011,"Comedy, Drama",27103,2011-01-23,"Melanie Mayron",,
236,tt0258463,2011-07-04,2011-07-04,,"The Bourne Identity","The Bourne Identity",https://www.imdb.com/title/tt0258463/,Movie,7.8,119,2002,"Action, Mystery, Thriller",602545,2002-06-14,"Doug Liman",,
237,tt0372183,2011-07-04,2011-07-04,,"The Bourne Supremacy","The Bourne Supremacy",https://www.imdb.com/title/tt0372183/,Movie,7.7,108,2004,"Action, Mystery, Thriller",505335,2004-07-23,"Paul Greengrass",,
238,tt0440963,2011-07-04,2011-07-04,,"The Bourne Ultimatum","The Bourne Ultimatum",https://www.imdb.com/title/tt0440963/,Movie,8.0,115,2007,"Action, Mystery, Thriller",676508,2007-08-03,"Paul Greengrass",,
239,tt0879870,2011-07-04,2011-07-04,,"Eat Pray Love","Eat Pray Love",https://www.imdb.com/title/tt0879870/,Movie,5.9,133,2010,"Biography, Comedy, Drama, Romance",111975,2010-08-13,"Ryan Murphy",,
240,tt1139668,2011-07-04,2011-07-04,,"The Unborn","The Unborn",https://www.imdb.com/title/tt1139668/,Movie,4.7,88,2009,"Horror, Mystery, Thriller",54418,2009-01-09,"David S. Goyer",,
241,tt0499448,2011-07-04,2011-07-04,,"The Chronicles of Narnia: Prince Caspian","The Chronicles of Narnia: Prince Caspian",https://www.imdb.com/title/tt0499448/,Movie,6.5,150,2008,"Action, Adventure, Family, Fantasy",235620,2008-05-16,"Andrew Adamson",,
242,tt0980970,2011-07-04,2011-07-04,,"The Chronicles of Narnia: The Voyage of the Dawn Treader","The Chronicles of Narnia: The Voyage of the Dawn Treader",https://www.imdb.com/title/tt0980970/,Movie,6.3,113,2010,"Adventure, Family, Fantasy",174547,2010-12-10,"Michael Apted",,
243,tt0883995,2011-07-04,2011-07-04,,"13: Game of Death","13 game sayawng",https://www.imdb.com/title/tt0883995/,Movie,6.6,114,2006,"Crime, Drama, Horror, Mystery, Thriller",6641,2006-10-05,"Chookiat Sakveerakul",,
244,tt0110148,2011-07-04,2011-07-04,,"Interview with the Vampire","Interview with the Vampire: The Vampire Chronicles",https://www.imdb.com/title/tt0110148/,Movie,7.5,123,1994,"Drama, Fantasy, Horror",369236,1994-11-11,"Neil Jordan",,
245,tt0815245,2011-07-04,2011-07-04,,"The Uninvited","The Uninvited",https://www.imdb.com/title/tt0815245/,Movie,6.3,87,2009,"Drama, Fantasy, Horror, Mystery, Thriller",88294,2009-01-30,"Charles Guard, Thomas Guard",,
246,tt1320261,2011-07-04,2011-07-04,,"Gulliver's Travels","Gulliver's Travels",https://www.imdb.com/title/tt1320261/,Movie,4.9,85,2010,"Adventure, Comedy, Family, Fantasy",76843,2010-12-25,"Rob Letterman",,
247,tt1116184,2011-07-04,2011-07-04,,"Jackass 3D","Jackass 3D",https://www.imdb.com/title/tt1116184/,Movie,7.0,94,2010,"Documentary, Action, Comedy",70359,2010-10-15,"Jeff Tremaine",,
248,tt0881320,2011-07-04,2011-07-04,,"Sanctum","Sanctum",https://www.imdb.com/title/tt0881320/,Movie,5.9,108,2011,"Action, Adventure, Drama, Thriller",58342,2011-02-04,"Alister Grierson",,
249,tt1302067,2011-07-04,2011-07-04,,"Yogi Bear","Yogi Bear",https://www.imdb.com/title/tt1302067/,Movie,4.6,80,2010,"Animation, Adventure, Comedy, Family",24347,2010-12-17,"Eric Brevig",,
250,tt0947798,2011-07-04,2011-07-04,,"Black Swan","Black Swan",https://www.imdb.com/title/tt0947798/,Movie,8.0,108,2010,"Drama, Thriller",872567,2010-12-17,"Darren Aronofsky",,
251,tt1663187,2011-07-04,2011-07-04,,"The Chaperone","The Chaperone",https://www.imdb.com/title/tt1663187/,Movie,5.1,103,2011,"Action, Comedy, Family",5565,2011-03-24,"Stephen Herek",,
252,tt0479997,2011-07-04,2011-07-04,,"Season of the Witch","Season of the Witch",https://www.imdb.com/title/tt0479997/,Movie,5.4,95,2011,"Action, Adventure, Fantasy",101535,2011-01-07,"Dominic Sena",,
253,tt0990407,2011-07-04,2011-07-04,,"The Green Hornet","The Green Hornet",https://www.imdb.com/title/tt0990407/,Movie,5.8,119,2011,"Action, Comedy, Crime",167903,2011-01-14,"Michel Gondry",,
254,tt1104001,2011-07-04,2011-07-04,,"Tron: Legacy","Tron: Legacy",https://www.imdb.com/title/tt1104001/,Movie,6.8,125,2010,"Action, Adventure, Sci-Fi",378185,2010-12-17,"Joseph Kosinski",10,2015-03-28
255,tt0477080,2011-07-04,2011-07-04,,"Unstoppable","Unstoppable",https://www.imdb.com/title/tt0477080/,Movie,6.8,98,2010,"Action, Thriller",215901,2010-11-12,"Tony Scott",,
256,tt1594917,2011-07-04,2011-07-04,,"Age of the Dragons","Age of the Dragons",https://www.imdb.com/title/tt1594917/,Movie,3.4,91,2011,"Action, Adventure, Fantasy",4631,2013-12-04,"Ryan Little",,
257,tt1217613,2011-07-04,2011-07-04,,"Battle Los Angeles","Battle: Los Angeles",https://www.imdb.com/title/tt1217613/,Movie,5.7,116,2011,"Action, Adventure, Sci-Fi",188986,2011-03-11,"Jonathan Liebesman",,
258,tt1564367,2011-07-04,2011-07-04,,"Just Go with It","Just Go with It",https://www.imdb.com/title/tt1564367/,Movie,6.4,117,2011,"Comedy, Romance",283211,2011-02-11,"Dennis Dugan",,
259,tt1179891,2011-07-04,2011-07-04,,"My Bloody Valentine","My Bloody Valentine",https://www.imdb.com/title/tt1179891/,Movie,5.4,101,2009,"Horror, Mystery, Thriller",64024,2009-01-16,"Patrick Lussier",,
260,tt0377981,2011-07-04,2011-07-04,,"Gnomeo & Juliet","Gnomeo & Juliet",https://www.imdb.com/title/tt0377981/,Movie,5.9,84,2011,"Animation, Adventure, Comedy, Family, Fantasy, Musical, Romance",62781,2011-02-11,"Kelly Asbury",,
261,tt1212419,2011-07-04,2011-07-04,,"Hereafter","Hereafter",https://www.imdb.com/title/tt1212419/,Movie,6.5,129,2010,"Drama, Fantasy, Romance",97695,2010-10-22,"Clint Eastwood",,
262,tt1464540,2011-07-04,2011-07-04,,"I Am Number Four","I Am Number Four",https://www.imdb.com/title/tt1464540/,Movie,6.1,111,2011,"Action, Adventure, Sci-Fi, Thriller",251354,2011-02-18,"D.J. Caruso",,
263,tt1220719,2011-07-04,2011-07-04,,"Ip Man","Ip Man",https://www.imdb.com/title/tt1220719/,Movie,8.0,106,2008,"Action, Biography, Drama, War",240729,2025-10-05,"Wilson Yip",,
264,tt1386932,2011-07-04,2011-07-04,,"Ip Man 2","Yip Man 2",https://www.imdb.com/title/tt1386932/,Movie,7.5,108,2010,"Action, Biography, Drama, History",115168,2025-10-05,"Wilson Yip",,
265,tt0840361,2011-07-04,2011-07-04,,"The Town","The Town",https://www.imdb.com/title/tt0840361/,Movie,7.5,125,2010,"Crime, Drama, Thriller",438847,2010-09-17,"Ben Affleck",,
266,tt0120915,2011-07-04,2011-07-04,,"Star Wars: Episode I - The Phantom Menace","Star Wars: Episode I - The Phantom Menace",https://www.imdb.com/title/tt0120915/,Movie,6.5,136,1999,"Action, Adventure, Fantasy, Sci-Fi",907917,1999-05-19,"George Lucas",,
267,tt0121765,2011-07-04,2011-07-04,,"Star Wars: Episode II - Attack of the Clones","Star Wars: Episode II - Attack of the Clones",https://www.imdb.com/title/tt0121765/,Movie,6.6,142,2002,"Action, Adventure, Fantasy, Sci-Fi",803957,2002-05-16,"George Lucas",,
268,tt0121766,2011-07-04,2011-07-04,,"Star Wars: Episode III - Revenge of the Sith","Star Wars: Episode III - Revenge of the Sith",https://www.imdb.com/title/tt0121766/,Movie,7.6,140,2005,"Action, Adventure, Fantasy, Sci-Fi",901477,2005-05-19,"George Lucas",,
269,tt0076759,2011-07-04,2011-07-04,,"Star Wars: Episode IV - A New Hope","Star Wars",https://www.imdb.com/title/tt0076759/,Movie,8.6,121,1977,"Action, Adventure, Fantasy, Sci-Fi",1536534,1977-05-25,"George Lucas",,
270,tt0080684,2011-07-04,2011-07-04,,"Star Wars: Episode V - The Empire Strikes Back","Star Wars: Episode V - The Empire Strikes Back",https://www.imdb.com/title/tt0080684/,Movie,8.7,124,1980,"Action, Adventure, Fantasy, Sci-Fi",1470103,1980-06-18,"Irvin Kershner",,
271,tt0086190,2011-07-04,2011-07-04,,"Star Wars: Episode VI - Return of the Jedi","Star Wars: Episode VI - Return of the Jedi",https://www.imdb.com/title/tt0086190/,Movie,8.3,131,1983,"Action, Adventure, Fantasy, Sci-Fi",1184928,1983-05-25,"Richard Marquand",,
272,tt0313911,2011-07-04,2011-07-04,,"Agent Cody Banks","Agent Cody Banks",https://www.imdb.com/title/tt0313911/,Movie,5.2,102,2003,"Action, Adventure, Comedy, Crime, Family, Romance, Thriller",38684,2003-03-14,"Harald Zwart",,
273,tt0358349,2011-07-04,2011-07-04,,"Agent Cody Banks 2: Destination London","Agent Cody Banks 2: Destination London",https://www.imdb.com/title/tt0358349/,Movie,4.6,100,2004,"Action, Adventure, Comedy, Family, Romance, Sci-Fi",16723,2004-03-12,"Kevin Allen",,
274,tt0126029,2011-07-04,2011-07-04,,"Shrek","Shrek",https://www.imdb.com/title/tt0126029/,Movie,7.9,90,2001,"Animation, Adventure, Comedy, Family, Fantasy, Romance",790111,2001-05-18,"Andrew Adamson, Vicky Jenson",,
275,tt0298148,2011-07-04,2011-07-04,,"Shrek 2","Shrek 2",https://www.imdb.com/title/tt0298148/,Movie,7.4,93,2004,"Animation, Adventure, Comedy, Family, Fantasy, Romance",541922,2004-05-19,"Andrew Adamson, Kelly Asbury, Conrad Vernon",,
276,tt0413267,2011-07-04,2011-07-04,,"Shrek the Third","Shrek the Third",https://www.imdb.com/title/tt0413267/,Movie,6.1,93,2007,"Animation, Adventure, Comedy, Family, Fantasy, Romance",353308,2007-05-18,"Chris Miller, Raman Hui",,
277,tt0892791,2011-07-04,2011-07-04,,"Shrek Forever After","Shrek Forever After",https://www.imdb.com/title/tt0892791/,Movie,6.3,93,2010,"Animation, Adventure, Comedy, Family, Fantasy, Romance",239734,2010-05-21,"Mike Mitchell",,
278,tt0088763,2011-07-04,2011-07-04,,"Back to the Future","Back to the Future",https://www.imdb.com/title/tt0088763/,Movie,8.5,116,1985,"Adventure, Comedy, Sci-Fi",1408144,1985-07-03,"Robert Zemeckis",,
279,tt0096874,2011-07-04,2011-07-04,,"Back to the Future Part II","Back to the Future Part II",https://www.imdb.com/title/tt0096874/,Movie,7.8,108,1989,"Adventure, Comedy, Sci-Fi",608047,1989-11-22,"Robert Zemeckis",,
280,tt0099088,2011-07-04,2011-07-04,,"Back to the Future Part III","Back to the Future Part III",https://www.imdb.com/title/tt0099088/,Movie,7.5,118,1990,"Adventure, Comedy, Sci-Fi, Western",508710,1990-05-25,"Robert Zemeckis",,
281,tt0099785,2011-07-04,2011-07-04,,"Home Alone","Home Alone",https://www.imdb.com/title/tt0099785/,Movie,7.7,103,1990,"Comedy, Family",708583,1990-11-16,"Chris Columbus",,
282,tt0104431,2011-07-04,2011-07-04,,"Home Alone 2: Lost in New York","Home Alone 2: Lost in New York",https://www.imdb.com/title/tt0104431/,Movie,6.9,120,1992,"Adventure, Comedy, Crime, Family",436688,1992-11-20,"Chris Columbus",,
283,tt0119303,2011-07-04,2011-07-04,,"Home Alone 3","Home Alone 3",https://www.imdb.com/title/tt0119303/,Movie,4.6,102,1997,"Action, Comedy, Crime, Family",134428,1997-12-12,"Raja Gosnell",,
284,tt1650043,2011-07-04,2011-07-04,,"Diary of a Wimpy Kid: Rodrick Rules","Diary of a Wimpy Kid: Rodrick Rules",https://www.imdb.com/title/tt1650043/,Movie,6.6,99,2011,"Comedy, Family",40771,2011-03-25,"David Bowers",,
285,tt1192628,2011-07-04,2011-07-04,,"Rango","Rango",https://www.imdb.com/title/tt1192628/,Movie,7.3,107,2011,"Animation, Action, Adventure, Comedy, Drama, Family, Western",311460,2011-03-04,"Gore Verbinski",,
286,tt1436562,2011-07-04,2011-07-04,,"Rio","Rio",https://www.imdb.com/title/tt1436562/,Movie,6.9,96,2011,"Animation, Adventure, Comedy, Family, Music, Romance",266611,2011-04-15,"Carlos Saldanha",,
287,tt0398286,2011-07-04,2011-07-04,,"Tangled","Tangled",https://www.imdb.com/title/tt0398286/,Movie,7.7,100,2010,"Animation, Adventure, Comedy, Family, Fantasy, Musical, Romance",531672,2010-11-24,"Nathan Greno, Byron Howard",,
288,tt0208003,2011-07-04,2011-07-04,,"Big Momma's House","Big Momma's House",https://www.imdb.com/title/tt0208003/,Movie,5.3,99,2000,"Action, Comedy, Crime",94471,2000-06-02,"Raja Gosnell",,
289,tt0421729,2011-07-04,2011-07-04,,"Big Momma's House 2","Big Momma's House 2",https://www.imdb.com/title/tt0421729/,Movie,4.8,99,2006,"Comedy, Crime",48532,2006-01-27,"John Whitesell",,
290,tt1464174,2011-07-04,2011-07-04,,"Big Mommas: Like Father, Like Son","Big Mommas: Like Father, Like Son",https://www.imdb.com/title/tt1464174/,Movie,4.5,107,2011,"Action, Comedy, Crime, Family",30840,2011-02-18,"John Whitesell",,
291,tt0844708,2011-07-04,2011-07-04,,"The Last House on the Left","The Last House on the Left",https://www.imdb.com/title/tt0844708/,Movie,6.5,113,2009,"Horror, Thriller",106578,2009-03-13,"Dennis Iliadis",,
292,tt0366551,2011-07-04,2011-07-04,,"Harold & Kumar Go to White Castle","Harold & Kumar Go to White Castle",https://www.imdb.com/title/tt0366551/,Movie,7.0,88,2004,"Adventure, Comedy",213695,2004-07-30,"Danny Leiner",,
293,tt0481536,2011-07-04,2011-07-04,,"Harold & Kumar Escape from Guantanamo Bay","Harold & Kumar Escape from Guantanamo Bay",https://www.imdb.com/title/tt0481536/,Movie,6.5,114,2008,"Adventure, Comedy",144972,2008-04-25,"Jon Hurwitz, Hayden Schlossberg",,
294,tt1502404,2011-07-04,2011-07-04,,"Drive Angry","Drive Angry",https://www.imdb.com/title/tt1502404/,Movie,5.4,104,2011,"Action, Comedy, Fantasy, Thriller",105887,2011-02-25,"Patrick Lussier",,
295,tt0480687,2011-07-04,2011-07-04,,"Hall Pass","Hall Pass",https://www.imdb.com/title/tt0480687/,Movie,5.9,105,2011,"Comedy, Romance",134880,2011-02-25,"Bobby Farrelly, Peter Farrelly",,
296,tt1486185,2011-07-04,2011-07-04,,"Red Riding Hood","Red Riding Hood",https://www.imdb.com/title/tt1486185/,Movie,5.4,100,2011,"Fantasy, Horror, Mystery, Romance, Thriller",118468,2011-03-11,"Catherine Hardwicke",,
297,tt1161864,2011-07-04,2011-07-04,,"The Rite","The Rite",https://www.imdb.com/title/tt1161864/,Movie,6.0,114,2011,"Drama, Horror, Mystery, Thriller",105329,2011-01-28,"Mikael Håfström",,
298,tt0471041,2011-07-04,2011-07-04,,"The Tournament","The Tournament",https://www.imdb.com/title/tt0471041/,Movie,6.0,95,2009,"Action, Thriller",36909,2010-07-25,"Scott Mann",,
299,tt0096895,2011-07-04,2011-07-04,,"Batman","Batman",https://www.imdb.com/title/tt0096895/,Movie,7.5,126,1989,"Action, Adventure",425669,1989-06-23,"Tim Burton",,
300,tt0103776,2011-07-04,2011-07-04,,"Batman Returns","Batman Returns",https://www.imdb.com/title/tt0103776/,Movie,7.1,126,1992,"Action, Crime, Fantasy",344977,1992-06-19,"Tim Burton",,
301,tt0112462,2011-07-04,2011-07-04,,"Batman Forever","Batman Forever",https://www.imdb.com/title/tt0112462/,Movie,5.5,121,1995,"Action, Adventure",278575,1995-06-16,"Joel Schumacher",,
302,tt0118688,2011-07-04,2011-07-04,,"Batman & Robin","Batman & Robin",https://www.imdb.com/title/tt0118688/,Movie,3.8,125,1997,"Action, Sci-Fi",278902,1997-06-20,"Joel Schumacher",,
303,tt0372784,2011-07-04,2011-07-04,,"Batman Begins","Batman Begins",https://www.imdb.com/title/tt0372784/,Movie,8.2,140,2005,"Action, Crime, Drama, Thriller",1677040,2005-06-15,"Christopher Nolan",,
304,tt0468569,2011-07-04,2011-07-04,,"The Dark Knight","The Dark Knight",https://www.imdb.com/title/tt0468569/,Movie,9.1,152,2008,"Action, Crime, Drama, Thriller",3087094,2008-07-18,"Christopher Nolan",,
305,tt1753968,2011-07-04,2011-07-04,,"Jackass 3.5","Jackass 3.5",https://www.imdb.com/title/tt1753968/,Video,6.6,85,2011,"Documentary, Action, Comedy",24795,2011-04-01,"Jeff Tremaine",,
306,tt1578275,2011-07-04,2011-07-04,,"The Dilemma","The Dilemma",https://www.imdb.com/title/tt1578275/,Movie,5.3,111,2011,"Comedy, Drama",58379,2011-01-14,"Ron Howard",,
307,tt1219289,2011-07-04,2011-07-04,,"Limitless","Limitless",https://www.imdb.com/title/tt1219289/,Movie,7.4,105,2011,"Sci-Fi, Thriller",637433,2011-03-18,"Neil Burger",,
308,tt1092026,2011-07-04,2011-07-04,,"Paul","Paul",https://www.imdb.com/title/tt1092026/,Movie,6.9,104,2011,"Adventure, Comedy, Sci-Fi",277720,2011-03-18,"Greg Mottola",,
309,tt1401152,2011-07-04,2011-07-04,,"Unknown","Unknown",https://www.imdb.com/title/tt1401152/,Movie,6.8,113,2011,"Action, Mystery, Thriller",274801,2011-02-18,"Jaume Collet-Serra",10,2018-12-14
310,tt1385826,2011-07-04,2011-07-04,,"The Adjustment Bureau","The Adjustment Bureau",https://www.imdb.com/title/tt1385826/,Movie,7.0,106,2011,"Crime, Drama, Mystery, Romance, Sci-Fi, Thriller",279434,2011-03-04,"George Nolfi",,
311,tt0145487,2011-07-04,2011-07-04,,"Spider-Man","Spider-Man",https://www.imdb.com/title/tt0145487/,Movie,7.4,121,2002,"Action, Adventure, Sci-Fi",943225,2002-05-03,"Sam Raimi",,
312,tt0316654,2011-07-04,2011-07-04,,"Spider-Man 2","Spider-Man 2",https://www.imdb.com/title/tt0316654/,Movie,7.5,127,2004,"Action, Adventure, Sci-Fi",764239,2004-06-30,"Sam Raimi",,
313,tt0413300,2011-07-04,2011-07-04,,"Spider-Man 3","Spider-Man 3",https://www.imdb.com/title/tt0413300/,Movie,6.3,139,2007,"Action, Adventure, Sci-Fi",683418,2007-05-04,"Sam Raimi",,
314,tt0348150,2011-07-04,2011-07-04,,"Superman Returns","Superman Returns",https://www.imdb.com/title/tt0348150/,Movie,6.1,154,2006,"Action, Adventure, Sci-Fi",300829,2006-06-30,"Bryan Singer",,
315,tt1525835,2011-07-04,2011-07-04,,"Gantz","Gantz",https://www.imdb.com/title/tt1525835/,Movie,6.4,130,2010,"Action, Adventure, Drama, Fantasy, Horror, Mystery, Sci-Fi",8618,2011-01-29,"Shinsuke Satô",,
316,tt0978764,2011-07-04,2011-07-04,,"Sucker Punch","Sucker Punch",https://www.imdb.com/title/tt0978764/,Movie,6.1,110,2011,"Action, Adventure, Fantasy, Thriller",258823,2011-03-25,"Zack Snyder",,
317,tt1014759,2011-07-04,2011-07-04,,"Alice in Wonderland","Alice in Wonderland",https://www.imdb.com/title/tt1014759/,Movie,6.4,108,2010,"Adventure, Family, Fantasy, Mystery",461063,2010-03-05,"Tim Burton",,
318,tt1274300,2011-07-04,2011-07-04,,"The Tempest","The Tempest",https://www.imdb.com/title/tt1274300/,Movie,5.3,110,2010,"Comedy, Drama, Fantasy, Romance",8424,2011-01-07,"Julie Taymor",,
319,tt1265990,2011-07-04,2011-07-04,,"The Roommate","The Roommate",https://www.imdb.com/title/tt1265990/,Movie,4.8,91,2011,"Drama, Horror, Thriller",43168,2011-02-04,"Christian E. Christiansen",,
320,tt1187043,2011-07-04,2011-07-04,,"3 Idiots","3 Idiots",https://www.imdb.com/title/tt1187043/,Movie,8.4,170,2009,"Comedy, Drama",469573,2009-12-25,"Rajkumar Hirani",,
321,tt1334512,2011-07-18,2011-07-18,,"Arthur","Arthur",https://www.imdb.com/title/tt1334512/,Movie,5.7,110,2011,"Comedy, Romance",53679,2011-04-08,"Jason Winer",,
322,tt0265208,2011-07-18,2011-07-18,,"The Girl Next Door","The Girl Next Door",https://www.imdb.com/title/tt0265208/,Movie,6.7,109,2004,"Comedy, Drama, Romance",257329,2004-04-09,"Luke Greenfield",,
323,tt0425637,2011-07-18,2011-07-18,,"Red Cliff","Chi bi",https://www.imdb.com/title/tt0425637/,Movie,7.3,148,2008,"Action, Adventure, Drama, History, War",49878,2009-12-04,"John Woo",,
324,tt0450405,2011-07-18,2011-07-18,,"Cirque du Freak: The Vampire's Assistant","Cirque du Freak: The Vampire's Assistant",https://www.imdb.com/title/tt0450405/,Movie,5.8,109,2009,"Action, Adventure, Fantasy, Thriller",49283,2009-10-23,"Paul Weitz",,
325,tt0945513,2011-07-18,2011-07-18,,"Source Code","Source Code",https://www.imdb.com/title/tt0945513/,Movie,7.5,93,2011,"Action, Drama, Mystery, Sci-Fi, Thriller",574200,2011-04-01,"Duncan Jones",10,2015-03-28
326,tt1152398,2011-07-18,2011-07-18,,"Beastly","Beastly",https://www.imdb.com/title/tt1152398/,Movie,5.5,86,2011,"Drama, Fantasy, Romance",81509,2011-03-04,"Daniel Barnz",,
327,tt1413489,2011-07-18,2011-07-18,,"Cougar Hunting","Cougar Hunting",https://www.imdb.com/title/tt1413489/,Movie,3.6,102,2011,"Comedy, Romance",1265,2011-04-22,"Robin Blazak",,
328,tt1683043,2011-07-18,2011-07-18,,"Green Lantern: Emerald Knights","Green Lantern: Emerald Knights",https://www.imdb.com/title/tt1683043/,Video,6.7,84,2011,"Animation, Action, Adventure, Fantasy, Sci-Fi",15577,2011-06-07,"Christopher Berkeley, Lauren Montgomery, Jay Oliva",,
329,tt0914797,2011-07-18,2011-07-18,,"Bottle Shock","Bottle Shock",https://www.imdb.com/title/tt0914797/,Movie,6.8,110,2008,"Comedy, Drama",18866,2008-09-05,"Randall Miller",,
330,tt0993842,2011-07-18,2011-07-18,,"Hanna","Hanna",https://www.imdb.com/title/tt0993842/,Movie,6.7,111,2011,"Action, Adventure, Drama, Thriller",212759,2011-04-08,"Joe Wright",,
331,tt0241527,2011-07-18,2011-07-18,,"Harry Potter and the Sorcerer's Stone","Harry Potter and the Sorcerer's Stone",https://www.imdb.com/title/tt0241527/,Movie,7.7,152,2001,"Adventure, Family, Fantasy",922595,2001-11-16,"Chris Columbus",,
332,tt0295297,2011-07-18,2011-07-18,,"Harry Potter and the Chamber of Secrets","Harry Potter and the Chamber of Secrets",https://www.imdb.com/title/tt0295297/,Movie,7.5,161,2002,"Adventure, Family, Fantasy, Mystery",744907,2002-11-15,"Chris Columbus",,
333,tt0304141,2011-07-18,2011-07-18,,"Harry Potter and the Prisoner of Azkaban","Harry Potter and the Prisoner of Azkaban",https://www.imdb.com/title/tt0304141/,Movie,7.9,142,2004,"Adventure, Family, Fantasy, Mystery",745015,2004-06-04,"Alfonso Cuarón",,
334,tt0330373,2011-07-18,2011-07-18,,"Harry Potter and the Goblet of Fire","Harry Potter and the Goblet of Fire",https://www.imdb.com/title/tt0330373/,Movie,7.7,157,2005,"Adventure, Family, Fantasy, Mystery",731913,2005-11-18,"Mike Newell",,
335,tt0373889,2011-07-18,2011-07-18,,"Harry Potter and the Order of the Phoenix","Harry Potter and the Order of the Phoenix",https://www.imdb.com/title/tt0373889/,Movie,7.5,138,2007,"Action, Adventure, Family, Fantasy, Mystery",680355,2007-07-11,"David Yates",,
336,tt0417741,2011-07-18,2011-07-18,,"Harry Potter and the Half-Blood Prince","Harry Potter and the Half-Blood Prince",https://www.imdb.com/title/tt0417741/,Movie,7.6,153,2009,"Action, Adventure, Family, Fantasy, Mystery",641111,2009-07-15,"David Yates",,
337,tt0926084,2011-07-18,2011-07-18,,"Harry Potter and the Deathly Hallows: Part 1","Harry Potter and the Deathly Hallows: Part 1",https://www.imdb.com/title/tt0926084/,Movie,7.7,146,2010,"Adventure, Family, Fantasy, Mystery",644739,2010-11-19,"David Yates",,
338,tt1242432,2011-07-18,2011-07-18,,"I Spit on Your Grave","I Spit on Your Grave",https://www.imdb.com/title/tt1242432/,Movie,6.2,108,2010,"Horror, Thriller",100482,2010-06-17,"Steven R. Monroe",,
339,tt0804497,2011-07-18,2011-07-18,,"It's Kind of a Funny Story","It's Kind of a Funny Story",https://www.imdb.com/title/tt0804497/,Movie,7.1,101,2010,"Comedy, Drama, Romance",151148,2010-10-08,"Anna Boden, Ryan Fleck",,
340,tt0146316,2011-07-18,2011-07-18,,"Lara Croft: Tomb Raider","Lara Croft: Tomb Raider",https://www.imdb.com/title/tt0146316/,Movie,5.8,100,2001,"Action, Adventure, Fantasy, Thriller",227507,2001-06-15,"Simon West",,
341,tt0325703,2011-07-18,2011-07-18,,"Lara Croft: Tomb Raider - The Cradle of Life","Lara Croft: Tomb Raider - The Cradle of Life",https://www.imdb.com/title/tt0325703/,Movie,5.5,117,2003,"Action, Adventure, Fantasy",149941,2003-07-25,"Jan de Bont",,
342,tt0325980,2011-07-18,2011-07-18,,"Pirates of the Caribbean: The Curse of the Black Pearl","Pirates of the Caribbean: The Curse of the Black Pearl",https://www.imdb.com/title/tt0325980/,Movie,8.1,143,2003,"Action, Adventure, Fantasy",1291989,2003-07-09,"Gore Verbinski",,
343,tt0383574,2011-07-18,2011-07-18,,"Pirates of the Caribbean: Dead Man's Chest","Pirates of the Caribbean: Dead Man's Chest",https://www.imdb.com/title/tt0383574/,Movie,7.4,151,2006,"Action, Adventure, Fantasy",809932,2006-07-07,"Gore Verbinski",,
344,tt0449088,2011-07-18,2011-07-18,,"Pirates of the Caribbean: At World's End","Pirates of the Caribbean: At World's End",https://www.imdb.com/title/tt0449088/,Movie,7.1,169,2007,"Action, Adventure, Fantasy",730531,2007-05-25,"Gore Verbinski",,
345,tt1298650,2011-09-06,2011-09-06,,"Pirates of the Caribbean: On Stranger Tides","Pirates of the Caribbean: On Stranger Tides",https://www.imdb.com/title/tt1298650/,Movie,6.6,136,2011,"Action, Adventure, Fantasy",596044,2011-05-20,"Rob Marshall",,
346,tt1498568,2011-07-18,2011-07-18,,"Red River","Red River",https://www.imdb.com/title/tt1498568/,Movie,2.3,77,2011,"Horror",221,2011,"Jacob Ennis",,
347,tt0117571,2011-07-18,2011-07-18,,"Scream","Scream",https://www.imdb.com/title/tt0117571/,Movie,7.4,111,1996,"Horror, Mystery",429059,1996-12-20,"Wes Craven",,
348,tt0120082,2011-07-18,2011-07-18,,"Scream 2","Scream 2",https://www.imdb.com/title/tt0120082/,Movie,6.3,120,1997,"Horror, Mystery",227910,1997-12-12,"Wes Craven",,
349,tt0134084,2011-07-18,2011-07-18,,"Scream 3","Scream 3",https://www.imdb.com/title/tt0134084/,Movie,5.7,116,2000,"Horror, Mystery",177788,2000-02-04,"Wes Craven",,
350,tt1262416,2011-09-06,2011-09-06,,"Scream 4","Scream 4",https://www.imdb.com/title/tt1262416/,Movie,6.2,111,2011,"Horror, Mystery",184186,2011-04-15,"Wes Craven",,
351,tt1130884,2011-07-18,2011-07-18,,"Shutter Island","Shutter Island",https://www.imdb.com/title/tt1130884/,Movie,8.2,138,2010,"Drama, Mystery, Thriller",1589347,2010-02-19,"Martin Scorsese",10,2018-12-14
352,tt0232500,2011-07-18,2011-07-18,,"The Fast and the Furious","The Fast and the Furious",https://www.imdb.com/title/tt0232500/,Movie,6.8,106,2001,"Action, Crime, Thriller",446722,2001-06-22,"Rob Cohen",,
353,tt0322259,2011-07-18,2011-07-18,,"2 Fast 2 Furious","2 Fast 2 Furious",https://www.imdb.com/title/tt0322259/,Movie,5.9,107,2003,"Action, Crime, Thriller",316283,2003-06-06,"John Singleton",,
354,tt0463985,2011-07-18,2011-07-18,,"The Fast and the Furious: Tokyo Drift","The Fast and the Furious: Tokyo Drift",https://www.imdb.com/title/tt0463985/,Movie,6.1,104,2006,"Action, Crime, Thriller",322896,2006-06-16,"Justin Lin",,
355,tt1013752,2011-07-18,2011-07-18,,"Fast & Furious","Fast & Furious",https://www.imdb.com/title/tt1013752/,Movie,6.5,107,2009,"Action, Thriller",328841,2009-04-03,"Justin Lin",,
356,tt1596343,2011-09-06,2011-09-06,,"Fast Five","Fast Five",https://www.imdb.com/title/tt1596343/,Movie,7.3,130,2011,"Action, Crime, Thriller",426440,2011-04-29,"Justin Lin",,
357,tt1369706,2011-07-18,2011-07-18,,"The Ward","The Ward",https://www.imdb.com/title/tt1369706/,Movie,5.5,89,2010,"Horror, Mystery, Thriller",46814,2011-07-08,"John Carpenter",,
358,tt1274300,2011-07-18,2011-07-18,,"The Tempest","The Tempest",https://www.imdb.com/title/tt1274300/,Movie,5.3,110,2010,"Comedy, Drama, Fantasy, Romance",8424,2011-01-07,"Julie Taymor",,
359,tt0418279,2011-07-18,2011-07-18,,"Transformers","Transformers",https://www.imdb.com/title/tt0418279/,Movie,7.1,144,2007,"Action, Adventure, Sci-Fi",705977,2007-07-03,"Michael Bay",,
360,tt1055369,2011-07-18,2011-07-18,,"Transformers: Revenge of the Fallen","Transformers: Revenge of the Fallen",https://www.imdb.com/title/tt1055369/,Movie,6.0,149,2009,"Action, Adventure, Sci-Fi",447291,2009-06-24,"Michael Bay",,
361,tt1679332,2011-07-18,2011-07-18,,"Ultramarines: A Warhammer 40,000 Movie","Ultramarines: A Warhammer 40,000 Movie",https://www.imdb.com/title/tt1679332/,Movie,5.6,76,2010,"Animation, Action, Fantasy, Sci-Fi, War",6542,2010-12-13,"Martyn Pick",,
362,tt1129423,2011-07-18,2011-07-18,,"Fireproof","Fireproof",https://www.imdb.com/title/tt1129423/,Movie,6.5,122,2008,"Drama, Romance",25218,2008-09-26,"Alex Kendrick",,
363,tt0368891,2011-07-18,2011-07-18,,"National Treasure","National Treasure",https://www.imdb.com/title/tt0368891/,Movie,6.9,131,2004,"Action, Adventure, Mystery, Thriller",371533,2004-11-19,"Jon Turteltaub",,
364,tt0465234,2011-07-18,2011-07-18,,"National Treasure: Book of Secrets","National Treasure: Book of Secrets",https://www.imdb.com/title/tt0465234/,Movie,6.5,124,2007,"Action, Adventure, Mystery, Thriller",264019,2007-12-21,"Jon Turteltaub",,
365,tt0114709,2011-07-18,2011-07-18,,"Toy Story","Toy Story",https://www.imdb.com/title/tt0114709/,Movie,8.3,81,1995,"Animation, Adventure, Comedy, Family, Fantasy",1145204,1995-11-22,"John Lasseter",,
366,tt0120363,2011-07-18,2011-07-18,,"Toy Story 2","Toy Story 2",https://www.imdb.com/title/tt0120363/,Movie,7.9,92,1999,"Animation, Adventure, Comedy, Family, Fantasy",655443,1999-11-24,"John Lasseter, Ash Brannon, Lee Unkrich",,
367,tt0435761,2011-07-18,2011-07-18,,"Toy Story 3","Toy Story 3",https://www.imdb.com/title/tt0435761/,Movie,8.3,103,2010,"Animation, Adventure, Comedy, Family, Fantasy",948553,2010-06-18,"Lee Unkrich",,
368,tt0844029,2011-07-18,2011-07-18,,"Ace Ventura: Pet Detective Jr.","Ace Ventura: Pet Detective Jr.",https://www.imdb.com/title/tt0844029/,TV Movie,2.1,93,2009,"Adventure, Comedy, Crime, Family",5970,2009-03-03,"David Mickey Evans",,
369,tt0094862,2011-07-18,2011-07-18,,"Child's Play","Child's Play",https://www.imdb.com/title/tt0094862/,Movie,6.7,87,1988,"Horror, Thriller",128167,1988-11-09,"Tom Holland",,
370,tt0099253,2011-07-18,2011-07-18,,"Child's Play 2","Child's Play 2",https://www.imdb.com/title/tt0099253/,Movie,6.0,84,1990,"Horror, Thriller",62761,1990-11-09,"John Lafia",,
371,tt0103956,2011-07-18,2011-07-18,,"Child's Play 3","Child's Play 3",https://www.imdb.com/title/tt0103956/,Movie,5.2,90,1991,"Horror, Thriller",50081,1991-08-30,"Jack Bender",,
372,tt0144120,2011-07-18,2011-07-18,,"Bride of Chucky","Bride of Chucky",https://www.imdb.com/title/tt0144120/,Movie,5.6,89,1998,"Comedy, Horror, Thriller",68865,1998-10-16,"Ronny Yu",,
373,tt0387575,2011-07-18,2011-07-18,,"Seed of Chucky","Seed of Chucky",https://www.imdb.com/title/tt0387575/,Movie,4.9,87,2004,"Comedy, Horror, Thriller",53355,2004-11-12,"Don Mancini",,
374,tt1013860,2011-07-18,2011-07-18,,"Dylan Dog: Dead of Night","Dylan Dog: Dead of Night",https://www.imdb.com/title/tt1013860/,Movie,5.1,107,2010,"Action, Comedy, Crime, Fantasy, Horror, Mystery, Thriller",16020,2011-04-29,"Kevin Munroe",,
375,tt0212338,2011-07-18,2011-07-18,,"Meet the Parents","Meet the Parents",https://www.imdb.com/title/tt0212338/,Movie,7.0,108,2000,"Comedy, Romance",372645,2000-10-06,"Jay Roach",,
376,tt0838283,2011-07-18,2011-07-18,,"Step Brothers","Step Brothers",https://www.imdb.com/title/tt0838283/,Movie,6.9,98,2008,"Comedy",335378,2008-07-25,"Adam McKay",,
377,tt1568139,2011-07-18,2011-07-18,,"You Got Served: Beat the World","Beat the World",https://www.imdb.com/title/tt1568139/,Movie,4.3,91,2011,"Drama, Music",2041,2011-06-10,"Robert Adetuyi",,
378,tt1270798,2011-07-18,2011-07-18,,"X-Men: First Class","X: First Class",https://www.imdb.com/title/tt1270798/,Movie,7.7,131,2011,"Action, Sci-Fi",754843,2011-06-03,"Matthew Vaughn",,
379,tt1464580,2011-09-06,2011-09-06,,"Stake Land","Stake Land",https://www.imdb.com/title/tt1464580/,Movie,6.4,98,2010,"Drama, Horror",45430,2011-06-17,"Jim Mickle",,
380,tt1316536,2011-09-06,2011-09-06,,"The Loved Ones","The Loved Ones",https://www.imdb.com/title/tt1316536/,Movie,6.6,84,2009,"Crime, Horror",46640,2010-11-04,"Sean Byrne",,
381,tt1284575,2011-09-06,2011-09-06,,"Bad Teacher","Bad Teacher",https://www.imdb.com/title/tt1284575/,Movie,5.7,92,2011,"Comedy, Romance",219935,2011-06-24,"Jake Kasdan",,
